Workbook

Sheet สรุปรวม
B2: สรุปผลการตรวจสุขภาพพนักงานประจำปี 2567
B3: รายละเอียดการตรวจ | C3: จำนวนผู้เข้ารับการตรวจ | D3: ปกติ | E3: ผิดปกติ | F3: %ผิดปกติ
B4: ตรวจสายตาทางอาชีวอนามัย | C4: 439 | D4: 81 | E4: 358 | F4: 81 | G4: %
B5: ตรวจไขมันในเลือด | C5: 450 | D5: 87 | E5: 363 | F5: 81 | G5: %
B6: ดัชนีมวลกาย | C6: 471 | D6: 111 | E6: 360 | F6: 76 | G6: %
B7: ตรวจสมรรถภาพการได้ยิน | C7: 435 | D7: 159 | E7: 276 | F7: 63 | G7: %
B8: ตรวจความสมบูรณ์ของเม็ดเลือด | C8: 418 | D8: 288 | E8: 130 | F8: 31 | G8: %
B9: ตรวจสารหนูในปัสสาวะ( Arsenic in Urine ) | C9: 13 | D9: 9 | E9: 4 | F9: 31 | G9: %
B10: ตรวจการทำงานของตับ | C10: 419 | D10: 327 | E10: 92 | F10: 22 | G10: %
B11: ตรวจน้ำตาลในเลือด | C11: 449 | D11: 370 | E11: 79 | F11: 18 | G11: %
B12: ตรวจปัสสาวะสมบูรณ์แบบ | C12: 432 | D12: 361 | E12: 71 | F12: 16 | G12: %
B13: ตรวจคลื่นไฟฟ้าหัวใจ | C13: 410 | D13: 347 | E13: 63 | F13: 15 | G13: %
B14: ตรวจวัดความดันโลหิต | C14: 471 | D14: 404 | E14: 67 | F14: 14 | G14: %
B15: ตรวจสมรรถภาพปอด | C15: 446 | D15: 384 | E15: 59 | F15: 13 | G15: %
... B35: ตรวจสารเมทิล เอทิล คีโตนในปัสสาวะ(Methyl Ethyl Ketone in Urine ) | C35: 21 | D35: 21 | E35: 0 | F35: 0 | G35: %

Sheet รายชื่อ
B4: รายชื่อพนักงานตรวจสุขภาพประจำปี 2567
B5: บ. ปูนซิเมนต์ไทย (ทุ่งสง) จำกัด / ตรวจสุขภาพ
B6: ลำดับ | C6: HN | D6: SCG Employee ID | E6: ชื่อ - สกุล | F6: วัน/เดือน/ปีเกิด | G6: อายุ | H6: ตำแหน่งงาน | I6: หน่วยงาน | J6: ส่วน (สำหรับพนักงาน) | K6: โปรแกรม
B7: 1 | C7: 14471-58 | D7: =VLOOKUP(C7,[1]รายชื่อ!$C:$D,2,0) -> 0150-020718 | E7: นาง กมลทิพย์ ขบวนสาร | F7: 07 มิ.ย. 2527 | G7: 40 | H7: พนักงานธุรการ | I7: Operations | J7: Operations | K7: รายการตรวจเพิ่มเติม บ.ปูนซิเมนต์ไทย (ทุ่งสง) / คัดกรองโรคมะเร็ง, ชุดคอร์สตรวจสุขภาพ SCG / พนักงาน (ปี67) โปรแกรม 9 (C1F1Uเหลือง1)
B8: 2 | C8: 165-57 | D8: 0150-020899 | E8: นาย กรณัฐพงษ์ เรืองระพีพรรณ | F8: 04 เม.ย. 2533 | G8: 34 | H8: #N/A | I8: #N/A | J8: #N/A | K8: ชุดคอร์สตรวจสุขภาพ SCG / พนักงาน (ปี67) โปรแกรม 7 (C1E1F1Uเหลือง1U)
B9: 3 | C9: 9043-49 | D9: =VLOOKUP(C9,[1]รายชื่อ!$C:$D,2,0) -> 0150-021664 | E9: น.ส. กฤติกา หมัดโส๊ะ | F9: 01 ม.ค. 2528 | G9: 39 | H9: พนักงานเทคโนโลยีสารสนเทศ | I9: เทคโนโลยีสารสนเทศ | J9: MD Office | K9: ชุดคอร์สตรวจสุขภาพ SCG / พนักงาน (ปี67) โปรแกรม 17 (C1F1Uเหลือง1)
B10: 4 | C10: 5101-50 | D10: =VLOOKUP(C10,[1]รายชื่อ!$C:$D,2,0) -> 0150-017521 | E10: นาย กฤษฎากรณ์ เดชะราช | F10: 18 มิ.ย. 2515 | G10: 52 | H10: Technical and Maintenance Planning Manager | I10: Plant Maintenance | J10: Maintenance Repair Overhaul - STS | K10: ชุดคอร์สตรวจสุขภาพ SCG / พนักงาน (ปี67) โปรแกรม 15 (C1E1F1Uหลือง1)
B11: 5 | C11: 13350-56 | D11: 0150-020934 | E11: นาย กฤษณรักษ์ รัตนะ | F11: 12 พ.ย. 2530 | G11: 36 | H11: พนักงานซ่อมบำรุงจักรกลหนัก | I11: ซ่อมบำรุงจักรกลหนัก | J11: Quarry | K11: ชุดคอร์สตรวจสุขภาพ SCG / พนักงาน (ปี67) โปรแกรม 1 (C1E1F1Uเหลือง1)
B12: 6 | C12: 20669-60 | D12: =VLOOKUP(C12,[1]รายชื่อ!$C:$D,2,0) -> 0150-019511 | E12: นาย กฤษดา หนูหอ | F12: 25 เม.ย. 2520 | G12: 47 | H12: Maintenance Overhaul and Consultancy Technician - Electrical | I12: Maintenance Overhaul and Consultancy - Electrical | J12: Maintenance Repair Overhaul - STS | K12: ชุดคอร์สตรวจสุขภาพ SCG / พนักงาน (ปี67) โปรแกรม 15 (C1E1F1Uหลือง1)
B13: 7 | C13: 20050-65 | D13: =VLOOKUP(C13,[1]รายชื่อ!$C:$D,2,0) -> 0150-021955 | E13: นาย กวิศ แซ่ตั้ง | F13: 01 ม.ค. 2535 | G13: 32 | H13: #N/A | I13: #N/A | J13: #N/A | K13: ชุดคอร์สตรวจสุขภาพ SCG / พนักงาน (ปี67) โปรแกรม 7 (C1E1F1Uเหลือง1U)
B14: 8 | C14: 11980-47 | D14: =VLOOKUP(C14,[1]รายชื่อ!$C:$D,2,0) -> 0150-014997 | E14: นาย ก้องทัย คุณโลก | F14: 17 มี.ค. 2512 | G14: 55 | H14: Mechanical Maintenance Manager – Clinker | I14: Plant Maintenance | J14: Maintenance Repair Overhaul - STS | K14: ชุดคอร์สตรวจสุขภาพ SCG / พนักงาน (ปี67) โปรแกรม 15 (C1E1F1Uหลือง1)
B15: 9 | C15: 443-50 | D15: =VLOOKUP(C15,[1]รายชื่อ!$C:$D,2,0) -> 0150-019471 | E15: นาย กัญจน์ภัสสรณ์ พรหมแสง | F15: 05 มิ.ย. 2519 | G15: 48 | H15: #N/A | I15: #N/A | J15: #N/A | K15: ชุดคอร์สตรวจสุขภาพ SCG / พนักงาน (ปี67) โปรแกรม 16 (C1E2F1Uเหลือง1Uแดง4)
B16: 10 | C16: 19597-49 | D16: =VLOOKUP(C16,[1]รายชื่อ!$C:$D,2,0) -> 0150-020267 | E16: น.ส. กัญธนัช ศรีโยธา | F16: 14 ต.ค. 2528 | G16: 38 | H16: BSE Assistant Manager-South Chain | I16: BSE South Chain | J16: BSE South Chain | K16: ชุดคอร์สตรวจสุขภาพ SCG / พนักงาน (ปี67) โปรแกรม 17 (C1F1Uเหลือง1)
B17: 11 | C17: 24355-61 | D17: =VLOOKUP(C17,[1]รายชื่อ!$C:$D,2,0) -> 0150-021198 | E17: นาง กาญจนา ลีลารุจนกุล | F17: 13 ต.ค. 2535 | G17: 31 | H17: BSE Operation Officer-STS | I17: BSE Operation - STS | J17: BSE Operation - STS | K17: ชุดคอร์สตรวจสุขภาพ SCG / พนักงาน (ปี67) โปรแกรม 17 (C1F1Uเหลือง1)
B18: 12 | C18: 11655-54 | D18: =VLOOKUP(C18,[1]รายชื่อ!$C:$D,2,0) -> 0150-020685 | E18: นาย ก้าน สิทธิวงศ์ | F18: 28 ก.ค. 2525 | G18: 41 | H18: พนักงานผลิตถุงกระดาษ | I18: ผลิตถุงกระดาษ | J18: Operations | K18: ชุดตรวจสุขภาพคู่สัญญา ปูน B (อายุ35-50 ปี), รายการตรวจเพิ่มเติม สำหรับลูกค้า คู่สัญญา (M) ( ตอบโจทย์ ตรงใจ ), รายการตรวจเพิ่มเติม บ.ปูนซิเมนต์ไทย (ทุ่งสง) / คัดกรองโรคมะเร็ง, ชุดคอร์สตรวจสุขภาพ SCG / พนักงาน (ปี67) โปรแกรม 8 (C1E1F1Uเหลือง1Uแดง1)
B19: 13 | C19: 4482-62 | D19: =VLOOKUP(C19,[1]รายชื่อ!$C:$D,2,0) -> 0150-020930 | E19: นาย กิตตินันท์ จันทกูล | F19: 27 ก.ย. 2534 | G19: 32 | H19: Mechanical Technician | I19: Plant Maintenance | J19: Maintenance Repair Overhaul - STS | K19: ชุดคอร์สตรวจสุขภาพ SCG / พนักงาน (ปี67) โปรแกรม 15 (C1E1F1Uหลือง1)
B20: 14 | C20: 16852-60 | D20: =VLOOKUP(C20,[1]รายชื่อ!$C:$D,2,0) -> 0150-021636 | E20: นาย กิตติพงศ์ ไพชำนาญ | F20: 04 มี.ค. 2535 | G20: 32 | H20: Engineer | I20: Maintenance Repair Overhaul - STS | J20: Maintenance Repair Overhaul - STS | K20: ชุดคอร์สตรวจสุขภาพ SCG / พนักงาน (ปี67) โปรแกรม 7 (C1E1F1Uเหลือง1U)
B21: 15 | C21: 22376-59 | D21: =VLOOKUP(C21,[1]รายชื่อ!$C:$D,2,0) -> 0150-020460 | E21: นาย กิตติพงศ์ สหกโร | F21: 30 เม.ย. 2530 | G21: 37 | H21: พนักงานควบคุมเครื่องย่อย | I21: ผลิตหินย่อยและหินก่อสร้าง | J21: Quarry | K21: ชุดตรวจสุขภาพคู่สัญญา ปูน B (อายุ35-50 ปี), ชุดคอร์สตรวจสุขภาพ SCG / พนักงาน (ปี67) โปรแกรม 7 (C1E1F1Uเหลือง1U)
B22: 16 | C22: 3969-43 | D22: =VLOOKUP(C22,[1]รายชื่อ!$C:$D,2,0) -> 0150-018588 | E22: นาย กิตติพงษ์ คงปลอด | F22: 02 ก.พ. 2520 | G22: 47 | H22: Mechanical Technician | I22: Plant Maintenance | J22: Maintenance Repair Overhaul - STS | K22: ชุดคอร์สตรวจสุขภาพ SCG / พนักงาน (ปี67) โปรแกรม 15 (C1E1F1Uหลือง1)
B23: 17 | C23: 6256-66 | D23: =VLOOKUP(C23,[1]รายชื่อ!$C:$D,2,0) -> 0150-021981 | E23: นาย กิตติพงษ์ ดอกไม้ทอง | F23: 27 ก.ค. 2541 | G23: 25 | H23: #N/A | I23: #N/A | J23: #N/A | K23: ชุดคอร์สตรวจสุขภาพ SCG / พนักงาน (ปี67) โปรแกรม 7 (C1E1F1Uเหลือง1U)
B24: 18 | C24: 24617-61 | D24: =VLOOKUP(C24,[1]รายชื่อ!$C:$D,2,0) -> 0150-021167 | E24: นาย กิตติพงษ์ ทองมี | F24: 20 เม.ย. 2535 | G24: 32 | H24: #N/A | I24: #N/A | J24: #N/A | K24: ชุดคอร์สตรวจสุขภาพ SCG / พนักงาน (ปี67) โปรแกรม 15 (C1E1F1Uหลือง1)
B25: 19 | C25: 22368-59 | D25: =VLOOKUP(C25,[1]รายชื่อ!$C:$D,2,0) -> 0150-021191 | E25: นาย กิตติศักดิ์ ช้างกลาง | F25: 14 ก.พ. 2535 | G25: 32 | H25: พนักงานควบคุมจักรกลหนัก | I25: วางแผนและพัฒนาเหมือง | J25: Quarry | K25: ชุดคอร์สตรวจสุขภาพ SCG / พนักงาน (ปี67) โปรแกรม 1 (C1E1F1Uเหลือง1)
B26: 20 | C26: 22377-59 | D26: =VLOOKUP(C26,[1]รายชื่อ!$C:$D,2,0) -> 0150-020783 | E26: นาย กิตติศักดิ์ อ่วมคง | F26: 22 ส.ค. 2531 | G26: 35 | H26: พนักงานควบคุมเครื่องย่อย | I26: ผลิตหินย่อยและหินก่อสร้าง | J26: Quarry | K26: ชุดคอร์สตรวจสุขภาพ SCG / พนักงาน (ปี67) โปรแกรม 7 (C1E1F1Uเหลือง1U)
B27: 21 | C27: 22436-59 | D27: =VLOOKUP(C27,[1]รายชื่อ!$C:$D,2,0) -> 0150-020592 | E27: นาย กิตติ ศิริพันธุ์ | F27: 29 มิ.ย. 2529 | G27: 38 | H27: พนักงานเหมืองแร่ | I27: จัดหาและเตรียมวัตถุดิบ | J27: Quarry | K27: ชุดคอร์สตรวจสุขภาพ SCG / พนักงาน (ปี67) โปรแกรม 1 (C1E1F1Uเหลือง1)
B28: 22 | C28: 4570-62 | D28: =VLOOKUP(C28,[1]รายชื่อ!$C:$D,2,0) -> 0150-020940 | E28: นาย กีรติ ทับทอง | F28: 11 พ.ค. 2531 | G28: 36 | H28: พนักงาน AFR | I28: AFR | J28: Operations | K28: รายการตรวจเพิ่มเติม บ.ปูนซิเมนต์ไทย (ทุ่งสง) / คัดกรองโรคมะเร็ง, ชุดคอร์สตรวจสุขภาพ SCG / พนักงาน (ปี67) โปรแกรม 16 (C1E2F1Uเหลือง1Uแดง4)
B29: 23 | C29: 24218-61 | D29: =VLOOKUP(C29,[1]รายชื่อ!$C:$D,2,0) -> 0150-018430 | E29: นาง กุลธิดา เครือสาย | F29: 27 มิ.ย. 2516 | G29: 51 | H29: พนักงานบริการลูกค้า | I29: บริการลูกค้า | J29: Operations | K29: ชุดตรวจสุขภาพคู่สัญญา ปูน D (อายุ 50 ขึ้นไป หญิง), ชุดคอร์สตรวจสุขภาพ SCG / พนักงาน (ปี67) โปรแกรม 17 (C1F1Uเหลือง1)
B30: 24 | C30: 19923-62 | D30: =VLOOKUP(C30,[1]รายชื่อ!$C:$D,2,0) -> 0150-015842 | E30: นาย เกรียงไกร คุณโลก | F30: 14 ธ.ค. 2513 | G30: 53 | H30: #N/A | I30: #N/A | J30: #N/A | K30: รายการตรวจเพิ่มเติม บ.ปูนซิเมนต์ไทย (ทุ่งสง) / คัดกรองโรคมะเร็ง, ชุดตรวจสุขภาพคู่สัญญา ปูน C (อายุ 50 ขึ้นไป ชาย), ชุดคอร์สตรวจสุขภาพ SCG / พนักงาน (ปี67) โปรแกรม 15 (C1E1F1Uหลือง1)
B31: 25 | C31: 9075-50 | D31: =VLOOKUP(C31,[1]รายชื่อ!$C:$D,2,0) -> 0150-020373 | E31: นาย เกรียงไกร เซ่งเซี่ยง | F31: 25 เม.ย. 2527 | G31: 40 | H31: Mechanical Technician | I31: Plant Maintenance | J31: Maintenance Repair Overhaul - STS | K31: รายการตรวจเพิ่มเติม บ.ปูนซิเมนต์ไทย (ทุ่งสง) / คัดกรองโรคมะเร็ง, ชุดคอร์สตรวจสุขภาพ SCG / พนักงาน (ปี67) โปรแกรม 4 (C1E2F1Uเหลือง1Uแดง3)
B32: 26 | C32: 6253-66 | D32: =VLOOKUP(C32,[1]รายชื่อ!$C:$D,2,0) -> 0150-021969 | E32: นาย เกรียงไกร ธรรมโกศล | F32: 20 ธ.ค. 2536 | G32: 30 | H32: #N/A | I32: #N/A | J32: #N/A | K32: ชุดคอร์สตรวจสุขภาพ SCG / พนักงาน (ปี67) โปรแกรม 7 (C1E1F1Uเหลือง1U)
B33: 27 | C33: 19837-62 | D33: =VLOOKUP(C33,[1]รายชื่อ!$C:$D,2,0) -> 0150-020586 | E33: นาย เกรียงศักดิ์ ชูดวงจันทร์ | F33: 11 มี.ค. 2526 | G33: 41 | H33: #N/A | I33: #N/A | J33: #N/A | K33: ชุดคอร์สตรวจสุขภาพ SCG / พนักงาน (ปี67) โปรแกรม 1 (C1E1F1Uเหลือง1)
B34: 28 | C34: 20003-62 | D34: =VLOOKUP(C34,[1]รายชื่อ!$C:$D,2,0) -> 0150-019534 | E34: นาย เกียรติศักดิ์ ทองทิพย์ | F34: 03 ก.ย. 2516 | G34: 50 | H34: #N/A | I34: #N/A | J34: #N/A | K34: ชุดคอร์สตรวจสุขภาพ SCG / พนักงาน (ปี67) โปรแกรม 15 (C1E1F1Uหลือง1)
B35: 29 | C35: 17784-56 | D35: =VLOOKUP(C35,[1]รายชื่อ!$C:$D,2,0) -> 0150-018799 | E35: นาย เกียรติศักดิ์ ไสยฉิม | F35: 14 ม.ค. 2520 | G35: 47 | H35: พนักงานควบคุมจักรกลหนัก | I35: วางแผนและพัฒนาเหมือง | J35: Quarry | K35: ชุดคอร์สตรวจสุขภาพ SCG / พนักงาน (ปี67) โปรแกรม 1 (C1E1F1Uเหลือง1)
B36: 30 | C36: 24161-61 | D36: =VLOOKUP(C36,[1]รายชื่อ!$C:$D,2,0) -> 0150-021612 | E36: นาย โกมิน บวรศุภศรี | F36: 12 ส.ค. 2537 | G36: 29 | H36: Measurement and Analysis Technician | I36: Measurement and Analysis | J36: Maintenance Repair Overhaul - STS | K36: รายการตรวจเพิ่มเติม สำหรับลูกค้า คู่สัญญา (M) ( ตอบโจทย์ ตรงใจ ), ชุดคอร์สตรวจสุขภาพ SCG / พนักงาน (ปี67) โปรแกรม 8 (C1E1F1Uเหลือง1Uแดง1)
B37: 31 | C37: 7408-51 | D37: =VLOOKUP(C37,[1]รายชื่อ!$C:$D,2,0) -> 0150-014436 | E37: นาย โกสินทร์ ศิริปทาวานิช | F37: 03 ต.ค. 2511 | G37: 55 | H37: ผู้ช่วยผู้จัดการตักและขนส่ง | I37: ผลิตหินก่อนย่อย | J37: Quarry | K37: ชุดคอร์สตรวจสุขภาพ SCG / พนักงาน (ปี67) โปรแกรม 11 (C1F1Uเหลือง1)
B38: 32 | C38: 4362-62 | D38: =VLOOKUP(C38,[1]รายชื่อ!$C:$D,2,0) -> 0150-016714 | E38: นาย ไกรศรี ผาสุข | F38: 27 พ.ค. 2515 | G38: 52 | H38: #N/A | I38: #N/A | J38: #N/A | K38: รายการตรวจเพิ่มเติม สำหรับลูกค้า คู่สัญญา (M) ( ตอบโจทย์ ตรงใจ ), รายการตรวจเพิ่มเติม บ.ปูนซิเมนต์ไทย (ทุ่งสง) / คัดกรองโรคมะเร็ง, ชุดคอร์สตรวจสุขภาพ SCG / พนักงาน (ปี67) โปรแกรม 15 (C1E1F1Uหลือง1)
B39: 33 | C39: 14885-56 | D39: =VLOOKUP(C39,[1]รายชื่อ!$C:$D,2,0) -> 0150-020426 | E39: นาย ไกวัล มวยดี | F39: 02 ก.พ. 2526 | G39: 41 | H39: Measurement and Analysis Technician | I39: Measurement and Analysis | J39: Maintenance Repair Overhaul - STS | K39: ชุดคอร์สตรวจสุขภาพ SCG / พนักงาน (ปี67) โปรแกรม 8 (C1E1F1Uเหลือง1Uแดง1)
B40: 34 | C40: 4216-61 | D40: =VLOOKUP(C40,[1]รายชื่อ!$C:$D,2,0) -> 0150-021423 | E40: นาย ขจรพงศ์ สุวรรณเพ็ชร | F40: 05 เม.ย. 2536 | G40: 31 | H40: พนักงาน Fuel & Export | I40: Fuel and Export | J40: Operations | K40: รายการตรวจเพิ่มเติม สำหรับลูกค้า คู่สัญญา (M) ( ตอบโจทย์ ตรงใจ ), ชุดคอร์สตรวจสุขภาพ SCG / พนักงาน (ปี67) โปรแกรม 15 (C1E1F1Uหลือง1)
B41: 35 | C41: 11762-64 | D41: =VLOOKUP(C41,[1]รายชื่อ!$C:$D,2,0) -> 0150-021944 | E41: น.ส. ขวัญวดี อามิตย์ | F41: 13 พ.ย. 2531 | G41: 35 | H41: #N/A | I41: #N/A | J41: #N/A | K41: ชุดคอร์สตรวจสุขภาพ SCG / พนักงาน (ปี67) โปรแกรม 1 (C1E1F1Uเหลือง1)
B42: 36 | C42: 25972-60 | D42: =VLOOKUP(C42,[1]รายชื่อ!$C:$D,2,0) -> 0150-013365 | E42: นาย คงศักย์ มูลจันทะ | F42: 06 ก.พ. 2510 | G42: 57 | H42: #N/A | I42: #N/A | J42: #N/A | K42: รายการตรวจเพิ่มเติม บ.ปูนซิเมนต์ไทย (ทุ่งสง) / คัดกรองโรคมะเร็ง, ชุดตรวจสุขภาพคู่สัญญา ปูน C (อายุ 50 ขึ้นไป ชาย), ชุดคอร์สตรวจสุขภาพ SCG / พนักงาน (ปี67) โปรแกรม 1 (C1E1F1Uเหลือง1)
B43: 37 | C43: 13651-51 | D43: =VLOOKUP(C43,[1]รายชื่อ!$C:$D,2,0) -> 0150-020475 | E43: นาย คณากร สังข์ทอง | F43: 27 ส.ค. 2530 | G43: 36 | H43: Electrical Technician | I43: Plant Maintenance | J43: Maintenance Repair Overhaul - STS | K43: ชุดคอร์สตรวจสุขภาพ SCG / พนักงาน (ปี67) โปรแกรม 15 (C1E1F1Uหลือง1)
B44: 38 | C44: 7424-54 | D44: =VLOOKUP(C44,[1]รายชื่อ!$C:$D,2,0) -> 0150-020477 | E44: นาย คมกฤช รัตนกุล | F44: 07 มี.ค. 2531 | G44: 36 | H44: Electrical Technician | I44: Plant Maintenance | J44: Maintenance Repair Overhaul - STS | K44: ชุดคอร์สตรวจสุขภาพ SCG / พนักงาน (ปี67) โปรแกรม 15 (C1E1F1Uหลือง1)
B45: 39 | C45: 14172-57 | D45: =VLOOKUP(C45,[1]รายชื่อ!$C:$D,2,0) -> 0150-020202 | E45: นาย คมสัน ปัญจะเภรี | F45: 16 มิ.ย. 2528 | G45: 39 | H45: Electrical Technician | I45: Plant Maintenance | J45: Maintenance Repair Overhaul - STS | K45: ชุดคอร์สตรวจสุขภาพ SCG / พนักงาน (ปี67) โปรแกรม 16 (C1E2F1Uเหลือง1Uแดง4)
B46: 40 | C46: 19810-62 | D46: =VLOOKUP(C46,[1]รายชื่อ!$C:$D,2,0) -> 0150-020837 | E46: นาย คำรณ ครองรักษ์ | F46: 27 มิ.ย. 2531 | G46: 36 | H46: พนักงานผลิตปูนเม็ด | I46: ผลิตปูนเม็ด TS5 | J46: Operations | K46: รายการตรวจเพิ่มเติม บ.ปูนซิเมนต์ไทย (ทุ่งสง) / คัดกรองโรคมะเร็ง, ชุดตรวจสุขภาพคู่สัญญา ปูน B (อายุ35-50 ปี), ชุดคอร์สตรวจสุขภาพ SCG / พนักงาน (ปี67) โปรแกรม 15 (C1E1F1Uหลือง1)
B47: 41 | C47: 19786-62 | D47: =VLOOKUP(C47,[1]รายชื่อ!$C:$D,2,0) -> 0150-021169 | E47: นาย จตุพล รัตนะ | F47: 11 ส.ค. 2534 | G47: 32 | H47: พนักงาน Biomass | I47: Biomass | J47: Operations | K47: รายการตรวจเพิ่มเติม สำหรับลูกค้า คู่สัญญา (M) ( ตอบโจทย์ ตรงใจ ), ชุดคอร์สตรวจสุขภาพ SCG / พนักงาน (ปี67) โปรแกรม 15 (C1E1F1Uหลือง1)
B48: 42 | C48: 19825-62 | D48: =VLOOKUP(C48,[1]รายชื่อ!$C:$D,2,0) -> 0150-021426 | E48: นาย จตุรงค์ ทองสีอ่อน | F48: 15 มิ.ย. 2536 | G48: 31 | H48: Maintenance Overhaul and Consultancy Technician - Mechanical | I48: Maintenance Overhaul and Consultancy - Mechanical | J48: Maintenance Repair Overhaul - STS | K48: ชุดคอร์สตรวจสุขภาพ SCG / พนักงาน (ปี67) โปรแกรม 4 (C1E2F1Uเหลือง1Uแดง3)
B49: 43 | C49: 20002-62 | D49: =VLOOKUP(C49,[1]รายชื่อ!$C:$D,2,0) -> 0150-019533 | E49: นาย จตุรงค์ เลขาวิจิตร์ | F49: 02 ก.พ. 2520 | G49: 47 | H49: Electrical Technician | I49: Plant Maintenance | J49: Maintenance Repair Overhaul - STS | K49: ชุดตรวจสุขภาพคู่สัญญา ปูน B (อายุ35-50 ปี), รายการตรวจเพิ่มเติม บ.ปูนซิเมนต์ไทย (ทุ่งสง) / คัดกรองโรคมะเร็ง, ชุดคอร์สตรวจสุขภาพ SCG / พนักงาน (ปี67) โปรแกรม 15 (C1E1F1Uหลือง1)
B50: 44 | C50: 9073-50 | D50: =VLOOKUP(C50,[1]รายชื่อ!$C:$D,2,0) -> 0150-020374 | E50: นาย จตุรงค์ แอ้นไธสง | F50: 14 ส.ค. 2527 | G50: 39 | H50: พนักงานควบคุมจักรกลหนัก | I50: ผลิตหินก่อนย่อย | J50: Quarry | K50: ชุดคอร์สตรวจสุขภาพ SCG / พนักงาน (ปี67) โปรแกรม 1 (C1E1F1Uเหลือง1)
B51: 45 | C51: 5766-54 | D51: =VLOOKUP(C51,[1]รายชื่อ!$C:$D,2,0) -> 0150-017986 | E51: นาย จราวุฒิ มูณีรัตน์ | F51: 27 มี.ค. 2520 | G51: 47 | H51: ผู้ช่วยผู้จัดการประกันคุณภาพ | I51: ส่งเสริมการผลิต | J51: Operations | K51: ชุดคอร์สตรวจสุขภาพ SCG / พนักงาน (ปี67) โปรแกรม 15 (C1E1F1Uหลือง1)
B52: 46 | C52: 19797-62 | D52: =VLOOKUP(C52,[1]รายชื่อ!$C:$D,2,0) -> 0150-021181 | E52: นาย จเร บัวอนนท์ | F52: 08 ก.ค. 2535 | G52: 32 | H52: Maintenance Overhaul and Consultancy Technician - Electrical | I52: Maintenance Overhaul and Consultancy - Electrical | J52: Maintenance Repair Overhaul - STS | K52: ชุดคอร์สตรวจสุขภาพ SCG / พนักงาน (ปี67) โปรแกรม 15 (C1E1F1Uหลือง1)
B53: 47 | C53: 22429-59 | D53: =VLOOKUP(C53,[1]รายชื่อ!$C:$D,2,0) -> 0150-021433 | E53: นาย จักรกฤษณ์ ฤทธิ์ศรี | F53: 07 เม.ย. 2536 | G53: 31 | H53: พนักงานซ่อมบำรุงจักรกลหนัก | I53: ซ่อมบำรุงจักรกลหนัก | J53: Quarry | K53: ชุดคอร์สตรวจสุขภาพ SCG / พนักงาน (ปี67) โปรแกรม 1 (C1E1F1Uเหลือง1)
B54: 48 | C54: 20021-62 | D54: =VLOOKUP(C54,[1]รายชื่อ!$C:$D,2,0) -> 0120-022375 | E54: นาย จักรกฤษ์ มณีฉาย | F54: 17 ส.ค. 2536 | G54: 30 | H54: พนักงานผลิตไฟฟ้า | I54: Waste Heat Generator STS | J54: Operations | K54: ชุดคอร์สตรวจสุขภาพ SCG / พนักงาน (ปี67) โปรแกรม 15 (C1E1F1Uหลือง1)
... B64: 58 | C64: 16107-59 | D64: =VLOOKUP(C64,[1]รายชื่อ!$C:$D,2,0) -> 0150-020948 | E64: นาย จิระวุฒิ พรหมนิมิตร์ | F64: 21 เม.ย. 2528 | G64: 39 | H64: พนักงานผลิตปูนเม็ด | I64: ผลิตปูนเม็ด TS5 | J64: Operations | K64: ชุดคอร์สตรวจสุขภาพ SCG / พนักงาน (ปี67) โปรแกรม 15 (C1E1F1Uหลือง1)
B65: 59 | C65: 3157-54 | D65: =VLOOKUP(C65,[1]รายชื่อ!$C:$D,2,0) -> 0150-020193 | E65: นาย จิระศักดิ์ ธรรมศิลา | F65: 21 พ.ค. 2526 | G65: 41 | H65: #N/A | I65: #N/A | J65: #N/A | K65: ชุดคอร์สตรวจสุขภาพ SCG / พนักงาน (ปี67) โปรแกรม 7 (C1E1F1Uเหลือง1U)
B66: 60 | C66: 978-56 | D66: =VLOOKUP(C66,[1]รายชื่อ!$C:$D,2,0) -> 0150-018590 | E66: นาย จิระศักดิ์ พรมแก้ว | F66: 08 มิ.ย. 2520 | G66: 47 | H66: พนักงานบรรจุและจ่ายซีเมนต์ | I66: บรรจุและจ่ายซีเมนต์ | J66: Operations | K66: ชุดคอร์สตรวจสุขภาพ SCG / พนักงาน (ปี67) โปรแกรม 1 (C1E1F1Uเหลือง1)
B67: 61 | C67: 2723-53 | D67: =VLOOKUP(C67,[1]รายชื่อ!$C:$D,2,0) -> 0150-019422 | E67: นาย จิระศักดิ์ ไพริน | F67: 08 มี.ค. 2519 | G67: 48 | H67: ผู้ช่วยผู้จัดการ Fuel & Export | I67: Fuel and Export | J67: Operations | K67: ชุดคอร์สตรวจสุขภาพ SCG / พนักงาน (ปี67) โปรแกรม 15 (C1E1F1Uหลือง1)
B68: 62 | C68: 18306-58 | D68: =VLOOKUP(C68,[1]รายชื่อ!$C:$D,2,0) -> 0150-020871 | E68: น.ส. จีรนันท์ วงศ์สวัสดิ์ | F68: 04 ธ.ค. 2523 | G68: 43 | H68: BSE Operation Officer-STS | I68: BSE Operation - STS | J68: BSE Operation - STS | K68: ชุดคอร์สตรวจสุขภาพ SCG / พนักงาน (ปี67) โปรแกรม 14 (C1E1F1Uหลือง1)
B69: 63 | C69: 2820-57 | D69: =VLOOKUP(C69,[1]รายชื่อ!$C:$D,2,0) -> 0150-020937 | E69: นาย จีรพงษ์ แซ่ลิ้ม | F69: 07 เม.ย. 2534 | G69: 33 | H69: พนักงานควบคุมจักรกลหนัก | I69: ผลิตหินก่อนย่อย | J69: Quarry | K69: ชุดคอร์สตรวจสุขภาพ SCG / พนักงาน (ปี67) โปรแกรม 1 (C1E1F1Uเหลือง1)
B70: 64 | C70: 19987-62 | D70: =VLOOKUP(C70,[1]รายชื่อ!$C:$D,2,0) -> 0150-018671 | E70: นาย จีรศักดิ์ คงบุรี | F70: 30 ม.ค. 2516 | G70: 51 | H70: #N/A | I70: #N/A | J70: #N/A | K70: รายการตรวจเพิ่มเติม สำหรับลูกค้า คู่สัญญา (M) ( ตอบโจทย์ ตรงใจ ), ชุดคอร์สตรวจสุขภาพ SCG / พนักงาน (ปี67) โปรแกรม 15 (C1E1F1Uหลือง1)
B71: 65 | C71: 6607-49 | D71: =VLOOKUP(C71,[1]รายชื่อ!$C:$D,2,0) -> 0150-020204 | E71: นาย จีรศักดิ์ เจริญพงศ์ | F71: 04 มิ.ย. 2524 | G71: 43 | H71: Customer Value Creation Staff | I71: Customer Value Creation | J71: Total Services and Solutions | K71: รายการตรวจเพิ่มเติม สำหรับลูกค้า คู่สัญญา (M) ( ตอบโจทย์ ตรงใจ ), ชุดคอร์สตรวจสุขภาพ SCG / พนักงาน (ปี67) โปรแกรม 7 (C1E1F1Uเหลือง1U)
B72: 66 | C72: 4392-62 | D72: =VLOOKUP(C72,[1]รายชื่อ!$C:$D,2,0) -> 0150-018591 | E72: นาย จีระพจน์ ทองเลี่ยมนาค | F72: 27 มี.ค. 2514 | G72: 53 | H72: #N/A | I72: #N/A | J72: #N/A | K72: ชุดคอร์สตรวจสุขภาพ SCG / พนักงาน (ปี67) โปรแกรม 15 (C1E1F1Uหลือง1)
B73: 67 | C73: 2082-57 | D73: =VLOOKUP(C73,[1]รายชื่อ!$C:$D,2,0) -> 0150-020770 | E73: นาง จุฑารัตน์ คงศิริ | F73: 17 เม.ย. 2532 | G73: 35 | H73: พนักงานบริการลูกค้า | I73: บริการลูกค้า | J73: Operations | K73: ชุดตรวจสุขภาพคู่สัญญา ปูน B (อายุ35-50 ปี), ชุดคอร์สตรวจสุขภาพ SCG / พนักงาน (ปี67) โปรแกรม 17 (C1F1Uเหลือง1)
B74: 68 | C74: 26666-48 | D74: =VLOOKUP(C74,[1]รายชื่อ!$C:$D,2,0) -> 0150-019673 | E74: นาย เจตร กัญจนกาญจน์ | F74: 04 พ.ย. 2519 | G74: 47 | H74: Measurement and Analysis Supervisor | I74: Measurement and Analysis | J74: Maintenance Repair Overhaul - STS | K74: ชุดคอร์สตรวจสุขภาพ SCG / พนักงาน (ปี67) โปรแกรม 15 (C1E1F1Uหลือง1)
B75: 69 | C75: 24631-61 | D75: =VLOOKUP(C75,[1]รายชื่อ!$C:$D,2,0) -> 0150-020778 | E75: นาย เจริญชัย สุนทรา | F75: 21 ก.พ. 2528 | G75: 39 | H75: Maintenance Overhaul and Consultancy Technician - Electrical | I75: Maintenance Overhaul and Consultancy - Electrical | J75: Maintenance Repair Overhaul - STS | K75: รายการตรวจเพิ่มเติม บ.ปูนซิเมนต์ไทย (ทุ่งสง) / คัดกรองโรคมะเร็ง, ชุดคอร์สตรวจสุขภาพ SCG / พนักงาน (ปี67) โปรแกรม 15 (C1E1F1Uหลือง1)
B76: 70 | C76: 13250-48 | D76: =VLOOKUP(C76,[1]รายชื่อ!$C:$D,2,0) -> 0150-019645 | E76: นาย เจริญศักดิ์ เหลืองอุ่มพล | F76: 13 ก.ย. 2518 | G76: 48 | H76: Engineering Workshop - Mechanical Technician | I76: Maintenance Workshop Service | J76: Maintenance Workshop Service | K76: ชุดคอร์สตรวจสุขภาพ SCG / พนักงาน (ปี67) โปรแกรม 15 (C1E1F1Uหลือง1)
B77: 71 | C77: 24630-61 | D77: =VLOOKUP(C77,[1]รายชื่อ!$C:$D,2,0) -> 0150-021430 | E77: นาย เจษฎา รัตนานุกูล | F77: 30 พ.ค. 2536 | G77: 31 | H77: พนักงานผลิตซีเมนต์ | I77: ผลิตซีเมนต์ | J77: Operations | K77: ชุดคอร์สตรวจสุขภาพ SCG / พนักงาน (ปี67) โปรแกรม 15 (C1E1F1Uหลือง1)
B78: 72 | C78: 19843-62 | D78: =VLOOKUP(C78,[1]รายชื่อ!$C:$D,2,0) -> 0150-021652 | E78: นาย ฉัตรชัย แขกเทพ | F78: 25 ส.ค. 2531 | G78: 35 | H78: พนักงานผลิตถุงกระดาษ | I78: ผลิตถุงกระดาษ | J78: Operations | K78: ชุดคอร์สตรวจสุขภาพ SCG / พนักงาน (ปี67) โปรแกรม 3 (C1E1F1Uเหลือง1Uแดง1)
B79: 73 | C79: 17349-46 | D79: =VLOOKUP(C79,[1]รายชื่อ!$C:$D,2,0) -> 0150-015907 | E79: นาย ฉัตรชัย ตันติพุฒิกุล | F79: 10 ก.ย. 2511 | G79: 55 | H79: Assistant Manager | I79: Supply Chain and Logistic Management | J79: Supply Chain and Logistic Management | K79: ชุดตรวจสุขภาพคู่สัญญา ปูน C (อายุ 50 ขึ้นไป ชาย), ชุดตรวจสุขภาพ สายตาโดยจักษุแพทย์, ชุดคอร์สตรวจสุขภาพ SCG / พนักงาน (ปี67) โปรแกรม 9 (C1F1Uเหลือง1)
B80: 74 | C80: 23901-61 | D80: =VLOOKUP(C80,[1]รายชื่อ!$C:$D,2,0) -> 0150-020689 | E80: นาย ฉัตรชัย แผ้วพาล | F80: 18 ก.ค. 2532 | G80: 35 | H80: Mechanical Technician | I80: Plant Maintenance | J80: Maintenance Repair Overhaul - STS | K80: ชุดคอร์สตรวจสุขภาพ SCG / พนักงาน (ปี67) โปรแกรม 15 (C1E1F1Uหลือง1)
B81: 75 | C81: 5029-66 | D81: =VLOOKUP(C81,[1]รายชื่อ!$C:$D,2,0) -> 0150-021954 | E81: นาย ฉัตริน ดิษฐวิทย์ | F81: 08 พ.ย. 2531 | G81: 35 | H81: #N/A | I81: #N/A | J81: #N/A | K81: ชุดคอร์สตรวจสุขภาพ SCG / พนักงาน (ปี67) โปรแกรม 7 (C1E1F1Uเหลือง1U)
B82: 76 | C82: 902-54 | D82: =VLOOKUP(C82,[1]รายชื่อ!$C:$D,2,0) -> 0150-020780 | E82: นาย เฉลิมชัย ตะหมัง | F82: 04 ธ.ค. 2531 | G82: 35 | H82: พนักงานซ่อมบำรุงจักรกลหนัก | I82: ซ่อมบำรุงจักรกลหนัก | J82: Quarry | K82: ชุดคอร์สตรวจสุขภาพ SCG / พนักงาน (ปี67) โปรแกรม 1 (C1E1F1Uเหลือง1)
B83: 77 | C83: 6211-66 | D83: =VLOOKUP(C83,[1]รายชื่อ!$C:$D,2,0) -> 0150-021962 | E83: นาย เฉลิมชัย นาฉิม | F83: 03 ก.ย. 2534 | G83: 32 | H83: #N/A | I83: #N/A | J83: #N/A | K83: รายการตรวจเพิ่มเติม บ.ปูนซิเมนต์ไทย (ทุ่งสง) / คัดกรองโรคมะเร็ง, ชุดคอร์สตรวจสุขภาพ SCG / พนักงาน (ปี67) โปรแกรม 1 (C1E1F1Uเหลือง1)
B84: 78 | C84: 9939-54 | D84: =VLOOKUP(C84,[1]รายชื่อ!$C:$D,2,0) -> 0150-018095 | E84: นาย เฉลิมชัย รงค์ฤทธิ์ไชย | F84: 05 ธ.ค. 2515 | G84: 51 | H84: ผู้ช่วยผู้จัดการตักและขนส่ง | I84: ผลิตหินก่อนย่อย | J84: Quarry | K84: ชุดคอร์สตรวจสุขภาพ SCG / พนักงาน (ปี67) โปรแกรม 1 (C1E1F1Uเหลือง1)
B85: 79 | C85: 19838-62 | D85: =VLOOKUP(C85,[1]รายชื่อ!$C:$D,2,0) -> 0150-020590 | E85: นาย ชัชลัญ แสงจันทร์ | F85: 04 พ.ค. 2532 | G85: 35 | H85: Mechanical Technician | I85: Plant Maintenance | J85: Maintenance Repair Overhaul - STS | K85: ชุดคอร์สตรวจสุขภาพ SCG / พนักงาน (ปี67) โปรแกรม 15 (C1E1F1Uหลือง1)
B86: 80 | C86: 18500-50 | D86: =VLOOKUP(C86,[1]รายชื่อ!$C:$D,2,0) -> 0150-019341 | E86: นาย ชัยภัทร ปิยะเกศกุล | F86: 11 ก.ค. 2519 | G86: 48 | H86: พนักงานซ่อมบำรุงจักรกลหนัก | I86: ซ่อมบำรุงจักรกลหนัก | J86: Quarry | K86: ชุดตรวจสุขภาพคู่สัญญา ปูน B (อายุ35-50 ปี), ชุดคอร์สตรวจสุขภาพ SCG / พนักงาน (ปี67) โปรแกรม 1 (C1E1F1Uเหลือง1)
B87: 81 | C87: 6107-66 | D87: =VLOOKUP(C87,[1]รายชื่อ!$C:$D,2,0) -> 0150-022102 | E87: นาย ชัยยันต์ สอาดม่วง | F87: 21 ส.ค. 2516 | G87: 50 | H87: #N/A | I87: #N/A | J87: #N/A | K87: ชุดคอร์สตรวจสุขภาพ SCG / พนักงาน (ปี67) โปรแกรม 7 (C1E1F1Uเหลือง1U)
B88: 82 | C88: 11766-64 | D88: =VLOOKUP(C88,[1]รายชื่อ!$C:$D,2,0) -> 0150-021941 | E88: นาย ชัยยุทธ ไพฑูรย์ | F88: 30 เม.ย. 2511 | G88: 56 | H88: #N/A | I88: #N/A | J88: #N/A | K88: รายการตรวจเพิ่มเติม บ.ปูนซิเมนต์ไทย (ทุ่งสง) / คัดกรองโรคมะเร็ง, ชุดคอร์สตรวจสุขภาพ SCG / พนักงาน (ปี67) โปรแกรม 7 (C1E1F1Uเหลือง1U)
B89: 83 | C89: 22404-59 | D89: =VLOOKUP(C89,[1]รายชื่อ!$C:$D,2,0) -> 0150-021193 | E89: นาย ชาคร จิระแพทย์ | F89: 14 มิ.ย. 2535 | G89: 32 | H89: พนักงานควบคุมจักรกลหนัก | I89: ผลิตหินก่อนย่อย | J89: Quarry | K89: รายการตรวจเพิ่มเติม บ.ปูนซิเมนต์ไทย (ทุ่งสง) / คัดกรองโรคมะเร็ง, ชุดคอร์สตรวจสุขภาพ SCG / พนักงาน (ปี67) โปรแกรม 7 (C1E1F1Uเหลือง1U)
B90: 84 | C90: 7624-60 | D90: =VLOOKUP(C90,[1]รายชื่อ!$C:$D,2,0) -> 0150-020714 | E90: นาย ชาญณรงค์ เกิดขุมทอง | F90: 18 ม.ค. 2528 | G90: 39 | H90: #N/A | I90: #N/A | J90: #N/A | K90: ชุดคอร์สตรวจสุขภาพ SCG / พนักงาน (ปี67) โปรแกรม 9 (C1F1Uเหลือง1)
B91: 85 | C91: 18387-52 | D91: =VLOOKUP(C91,[1]รายชื่อ!$C:$D,2,0) -> 0150-020573 | E91: นาย ชาญยุทธ แก้วใจจง | F91: 04 ต.ค. 2528 | G91: 38 | H91: พนักงานผลิตปูนเม็ด | I91: ผลิตปูนเม็ด TS4 | J91: Operations | K91: ชุดคอร์สตรวจสุขภาพ SCG / พนักงาน (ปี67) โปรแกรม 15 (C1E1F1Uหลือง1)
B92: 86 | C92: 19926-62 | D92: =VLOOKUP(C92,[1]รายชื่อ!$C:$D,2,0) -> 0150-016815 | E92: นาย ชาตรี ทองนาค | F92: 08 มิ.ย. 2515 | G92: 52 | H92: Technical and Maintenance Planning Manager | I92: Plant Maintenance | J92: Maintenance Repair Overhaul - STS | K92: ชุดคอร์สตรวจสุขภาพ SCG / พนักงาน (ปี67) โปรแกรม 15 (C1E1F1Uหลือง1)
B93: 87 | C93: 6990-67 | D93: 0150-021994 | E93: นาย ชานน อติวีระกุล | F93: 28 เม.ย. 2536 | G93: 31 | H93: #N/A | I93: #N/A | J93: #N/A | K93: รายการตรวจเพิ่มเติม บ.ปูนซิเมนต์ไทย (ทุ่งสง) / คัดกรองโรคมะเร็ง, ชุดคอร์สตรวจสุขภาพ SCG / พนักงาน (ปี67) โปรแกรม 7 (C1E1F1Uเหลือง1U)
B94: 88 | C94: 20869-48 | D94: =VLOOKUP(C94,[1]รายชื่อ!$C:$D,2,0) -> 0150-020181 | E94: นาย ชำนาญ โชคไพศาล | F94: 11 ก.ย. 2523 | G94: 43 | H94: Electrical Technician | I94: Plant Maintenance | J94: Maintenance Repair Overhaul - STS | K94: ชุดคอร์สตรวจสุขภาพ SCG / พนักงาน (ปี67) โปรแกรม 15 (C1E1F1Uหลือง1)
B95: 89 | C95: 14118-58 | D95: =VLOOKUP(C95,[1]รายชื่อ!$C:$D,2,0) -> 0150-019651 | E95: นาย เชาวรัตน์ บุญตั้ง | F95: 26 ก.ค. 2520 | G95: 46 | H95: พนักงานควบคุมจักรกลหนัก | I95: ผลิตหินก่อนย่อย | J95: Quarry | K95: ชุดคอร์สตรวจสุขภาพ SCG / พนักงาน (ปี67) โปรแกรม 1 (C1E1F1Uเหลือง1)
B96: 90 | C96: 4333-62 | D96: =VLOOKUP(C96,[1]รายชื่อ!$C:$D,2,0) -> 0150-020579 | E96: นาย โชคชัย ขบวนสาร | F96: 14 ม.ค. 2532 | G96: 35 | H96: #N/A | I96: #N/A | J96: #N/A | K96: ชุดคอร์สตรวจสุขภาพ SCG / พนักงาน (ปี67) โปรแกรม 15 (C1E1F1Uหลือง1)
B97: 91 | C97: 14180-60 | D97: 0150-021166 | E97: นาย โชคชัย พิทักษ์บุตร | F97: 16 มี.ค. 2535 | G97: 32 | H97: พนักงาน Biomass - จัดหา | I97: Biomass | J97: Operations | K97: ชุดคอร์สตรวจสุขภาพ SCG / พนักงาน (ปี67) โปรแกรม 15 (C1E1F1Uหลือง1)
B98: 92 | C98: 16942-59 | D98: =VLOOKUP(C98,[1]รายชื่อ!$C:$D,2,0) -> 0120-022376 | E98: นาย ไชยยงค์ ชูชาติ | F98: 05 พ.ค. 2534 | G98: 33 | H98: พนักงานผลิตไฟฟ้า | I98: Waste Heat Generator STS | J98: Operations | K98: รายการตรวจเพิ่มเติม บ.ปูนซิเมนต์ไทย (ทุ่งสง) / คัดกรองโรคมะเร็ง, ชุดคอร์สตรวจสุขภาพ SCG / พนักงาน (ปี67) โปรแกรม 15 (C1E1F1Uหลือง1)
B99: 93 | C99: 24501-61 | D99: =VLOOKUP(C99,[1]รายชื่อ!$C:$D,2,0) -> 0150-021614 | E99: นาย ไชยวัฒน์ พุทธวงศ์ | F99: 06 ก.ค. 2535 | G99: 32 | H99: Electrical Technician | I99: Plant Maintenance | J99: Maintenance Repair Overhaul - STS | K99: ชุดคอร์สตรวจสุขภาพ SCG / พนักงาน (ปี67) โปรแกรม 15 (C1E1F1Uหลือง1)
B100: 94 | C100: 6609-49 | D100: =VLOOKUP(C100,[1]รายชื่อ!$C:$D,2,0) -> 0150-020206 | E100: นาย ญาณพงศ์ ตู้เซ่ง | F100: 04 ต.ค. 2528 | G100: 38 | H100: Measurement and Analysis Technician | I100: Measurement and Analysis | J100: Maintenance Repair Overhaul - STS | K100: ชุดคอร์สตรวจสุขภาพ SCG / พนักงาน (ปี67) โปรแกรม 8 (C1E1F1Uเหลือง1Uแดง1)
B101: 95 | C101: 13955-43 | D101: =VLOOKUP(C101,[1]รายชื่อ!$C:$D,2,0) -> 0150-017819 | E101: นาย ณฐพงศ์ หมื่นละม้าย | F101: 21 พ.ค. 2516 | G101: 51 | H101: พนักงานบรรจุและจ่ายซีเมนต์ | I101: บรรจุและจ่ายซีเมนต์ | J101: Operations | K101: รายการตรวจเพิ่มเติม สำหรับลูกค้า คู่สัญญา (M) ( ตอบโจทย์ ตรงใจ ), ชุดคอร์สตรวจสุขภาพ SCG / พนักงาน (ปี67) โปรแกรม 15 (C1E1F1Uหลือง1)
B102: 96 | C102: 4527-62 | D102: =VLOOKUP(C102,[1]รายชื่อ!$C:$D,2,0) -> 0150-018678 | E102: นาย ณรงค์ พลกูล | F102: 27 ก.พ. 2519 | G102: 48 | H102: Customer Value Creation Staff | I102: Customer Value Creation | J102: Total Services and Solutions | K102: ชุดคอร์สตรวจสุขภาพ SCG / พนักงาน (ปี67) โปรแกรม 1 (C1E1F1Uเหลือง1)
B103: 97 | C103: 24295-61 | D103: =VLOOKUP(C103,[1]รายชื่อ!$C:$D,2,0) -> 0150-019512 | E103: นาย ณรงค์ ลาภจุติ | F103: 29 พ.ค. 2518 | G103: 49 | H103: พนักงานผลิตปูนเม็ด | I103: ผลิตปูนเม็ด TS4 | J103: Operations | K103: ชุดคอร์สตรวจสุขภาพ SCG / พนักงาน (ปี67) โปรแกรม 15 (C1E1F1Uหลือง1)
B104: 98 | C104: 777-58 | D104: =VLOOKUP(C104,[1]รายชื่อ!$C:$D,2,0) -> 0150-019647 | E104: นาย ณรงค์ ศรีอนุรักษ์ | F104: 03 ต.ค. 2520 | G104: 46 | H104: พนักงานบัญชีจ่าย | I104: ผลิตถุงกระดาษ | J104: Operations | K104: รายการตรวจเพิ่มเติม บ.ปูนซิเมนต์ไทย (ทุ่งสง) / คัดกรองโรคมะเร็ง, ชุดคอร์สตรวจสุขภาพ SCG / พนักงาน (ปี67) โปรแกรม 6 (C1F1Uเหลือง1)
B105: 99 | C105: 21456-49 | D105: =VLOOKUP(C105,[1]รายชื่อ!$C:$D,2,0) -> 0150-015698 | E105: นาย ณัฏฐวัฒน์ กิจเยาวสงค์ | F105: 09 มิ.ย. 2513 | G105: 54 | H105: Assistant Manager Customer Value Creation | I105: Customer Value Creation | J105: Total Services and Solutions | K105: ชุดคอร์สตรวจสุขภาพ SCG / พนักงาน (ปี67) โปรแกรม 1 (C1E1F1Uเหลือง1)
B106: 100 | C106: 2696-49 | D106: =VLOOKUP(C106,[1]รายชื่อ!$C:$D,2,0) -> 0110-022464 | E106: นาย ณัฐกิจ แดงสิน | F106: 12 ธ.ค. 2519 | G106: 47 | H106: นักบัญชี | I106: CAD | J106: CAD | K106: ชุดคอร์สตรวจสุขภาพ SCG / พนักงาน (ปี67) โปรแกรม 1 (C1E1F1Uเหลือง1)
B107: 101 | C107: 20186-62 | D107: =VLOOKUP(C107,[1]รายชื่อ!$C:$D,2,0) -> 0150-022104 | E107: นาย ณัฐชนน สาธุวงค์ | F107: 17 ส.ค. 2537 | G107: 29 | H107: #N/A | I107: #N/A | J107: #N/A | K107: ชุดคอร์สตรวจสุขภาพ SCG / พนักงาน (ปี67) โปรแกรม 18 (C1E1F1Uเหลือง1)
B108: 102 | C108: 8720-61 | D108: =VLOOKUP(C108,[1]รายชื่อ!$C:$D,2,0) -> 0150-021627 | E108: นาย ณัฐพงศ์ กรรเชียง | F108: 05 เม.ย. 2535 | G108: 32 | H108: Maintenance Overhaul and Consultancy Technician - Electrical | I108: Maintenance Overhaul and Consultancy - Electrical | J108: Maintenance Repair Overhaul - STS | K108: ชุดคอร์สตรวจสุขภาพ SCG / พนักงาน (ปี67) โปรแกรม 15 (C1E1F1Uหลือง1)
B109: 103 | C109: 19783-62 | D109: =VLOOKUP(C109,[1]รายชื่อ!$C:$D,2,0) -> 0150-021054 | E109: นาย ณัฐพงศ์ บุษปะเวศ | F109: 24 ส.ค. 2533 | G109: 33 | H109: BSE Operation Manager-STS | I109: BSE Operation - STS | J109: BSE Operation - STS | K109: ชุดคอร์สตรวจสุขภาพ SCG / พนักงาน (ปี67) โปรแกรม 7 (C1E1F1Uเหลือง1U)
B110: 104 | C110: 4597-62 | D110: =VLOOKUP(C110,[1]รายชื่อ!$C:$D,2,0) -> 0150-020474 | E110: นาย ณัฐพงษ์ เส่งตี๋ | F110: 06 พ.ค. 2530 | G110: 37 | H110: Electrical Technician | I110: Plant Maintenance | J110: Maintenance Repair Overhaul - STS | K110: ชุดคอร์สตรวจสุขภาพ SCG / พนักงาน (ปี67) โปรแกรม 15 (C1E1F1Uหลือง1)
B111: 105 | C111: 22405-59 | D111: =VLOOKUP(C111,[1]รายชื่อ!$C:$D,2,0) -> 0150-021616 | E111: นาย ณัฐพล โต๊ะยี | F111: 07 ธ.ค. 2535 | G111: 31 | H111: พนักงานควบคุมจักรกลหนัก | I111: ผลิตหินก่อนย่อย | J111: Quarry | K111: รายการตรวจเพิ่มเติม สำหรับลูกค้า คู่สัญญา (M) ( ตอบโจทย์ ตรงใจ ), ชุดคอร์สตรวจสุขภาพ SCG / พนักงาน (ปี67) โปรแกรม 7 (C1E1F1Uเหลือง1U)
B112: 106 | C112: 4642-62 | D112: =VLOOKUP(C112,[1]รายชื่อ!$C:$D,2,0) -> 0150-021629 | E112: นาย ณัฐพล เลขาพันธ์ | F112: 22 พ.ค. 2537 | G112: 30 | H112: Mechanical Technician | I112: Plant Maintenance | J112: Maintenance Repair Overhaul - STS | K112: ชุดคอร์สตรวจสุขภาพ SCG / พนักงาน (ปี67) โปรแกรม 15 (C1E1F1Uหลือง1)
...

Sheet Sheet1
A1: SCG Employee ID | B1: ชื่อ - สกุล | C1: วัน/เดือน/ปีเกิด | D1: อายุ | E1: โปรแกรม
A2: 0150-020685 | B2: นาย ก้าน สิทธิวงศ์ | C2: 28 ก.ค. 2525 | D2: 41 | E2: ชุดตรวจสุขภาพคู่สัญญา ปูน B (อายุ35-50 ปี), รายการตรวจเพิ่มเติม สำหรับลูกค้า คู่สัญญา (M) ( ตอบโจทย์ ตรงใจ ), รายการตรวจเพิ่มเติม บ.ปูนซิเมนต์ไทย (ทุ่งสง) / คัดกรองโรคมะเร็ง, ชุดคอร์สตรวจสุขภาพ SCG / พนักงาน (ปี67) โปรแกรม 8 (C1E1F1Uเหลือง1Uแดง1)
A3: 0150-020460 | B3: นาย กิตติพงศ์ สหกโร | C3: 30 เม.ย. 2530 | D3: 37 | E3: ชุดตรวจสุขภาพคู่สัญญา ปูน B (อายุ35-50 ปี), ชุดคอร์สตรวจสุขภาพ SCG / พนักงาน (ปี67) โปรแกรม 7 (C1E1F1Uเหลือง1U)
A4: 0150-018430 | B4: นาง กุลธิดา เครือสาย | C4: 27 มิ.ย. 2516 | D4: 51 | E4: ชุดตรวจสุขภาพคู่สัญญา ปูน D (อายุ 50 ขึ้นไป หญิง), ชุดคอร์สตรวจสุขภาพ SCG / พนักงาน (ปี67) โปรแกรม 17 (C1F1Uเหลือง1)
A5: 0150-015842 | B5: นาย เกรียงไกร คุณโลก | C5: 14 ธ.ค. 2513 | D5: 53 | E5: รายการตรวจเพิ่มเติม บ.ปูนซิเมนต์ไทย (ทุ่งสง) / คัดกรองโรคมะเร็ง, ชุดตรวจสุขภาพคู่สัญญา ปูน C (อายุ 50 ขึ้นไป ชาย), ชุดคอร์สตรวจสุขภาพ SCG / พนักงาน (ปี67) โปรแกรม 15 (C1E1F1Uหลือง1)
A6: 0150-013365 | B6: นาย คงศักย์ มูลจันทะ | C6: 06 ก.พ. 2510 | D6: 57 | E6: รายการตรวจเพิ่มเติม บ.ปูนซิเมนต์ไทย (ทุ่งสง) / คัดกรองโรคมะเร็ง, ชุดตรวจสุขภาพคู่สัญญา ปูน C (อายุ 50 ขึ้นไป ชาย), ชุดคอร์สตรวจสุขภาพ SCG / พนักงาน (ปี67) โปรแกรม 1 (C1E1F1Uเหลือง1)
A7: 0150-020837 | B7: นาย คำรณ ครองรักษ์ | C7: 27 มิ.ย. 2531 | D7: 36 | E7: รายการตรวจเพิ่มเติม บ.ปูนซิเมนต์ไทย (ทุ่งสง) / คัดกรองโรคมะเร็ง, ชุดตรวจสุขภาพคู่สัญญา ปูน B (อายุ35-50 ปี), ชุดคอร์สตรวจสุขภาพ SCG / พนักงาน (ปี67) โปรแกรม 15 (C1E1F1Uหลือง1)
A8: 0150-019533 | B8: นาย จตุรงค์ เลขาวิจิตร์ | C8: 02 ก.พ. 2520 | D8: 47 | E8: ชุดตรวจสุขภาพคู่สัญญา ปูน B (อายุ35-50 ปี), รายการตรวจเพิ่มเติม บ.ปูนซิเมนต์ไทย (ทุ่งสง) / คัดกรองโรคมะเร็ง, ชุดคอร์สตรวจสุขภาพ SCG / พนักงาน (ปี67) โปรแกรม 15 (C1E1F1Uหลือง1)
A9: 0150-020770 | B9: นาง จุฑารัตน์ คงศิริ | C9: 17 เม.ย. 2532 | D9: 35 | E9: ชุดตรวจสุขภาพคู่สัญญา ปูน B (อายุ35-50 ปี), ชุดคอร์สตรวจสุขภาพ SCG / พนักงาน (ปี67) โปรแกรม 17 (C1F1Uเหลือง1)
A10: 0150-015907 | B10: นาย ฉัตรชัย ตันติพุฒิกุล | C10: 10 ก.ย. 2511 | D10: 55 | E10: ชุดตรวจสุขภาพคู่สัญญา ปูน C (อายุ 50 ขึ้นไป ชาย), ชุดตรวจสุขภาพ สายตาโดยจักษุแพทย์, ชุดคอร์สตรวจสุขภาพ SCG / พนักงาน (ปี67) โปรแกรม 9 (C1F1Uเหลือง1)
A11: 0150-019341 | B11: นาย ชัยภัทร ปิยะเกศกุล | C11: 11 ก.ค. 2519 | D11: 48 | E11: ชุดตรวจสุขภาพคู่สัญญา ปูน B (อายุ35-50 ปี), ชุดคอร์สตรวจสุขภาพ SCG / พนักงาน (ปี67) โปรแกรม 1 (C1E1F1Uเหลือง1)
A12: 0150-020687 | B12: นาย เถลิงเกียรติ สาวีกุลจงรักษ์ | C12: 07 มี.ค. 2530 | D12: 37 | E12: ชุดตรวจสุขภาพคู่สัญญา ปูน B (อายุ35-50 ปี), ชุดคอร์สตรวจสุขภาพ SCG / พนักงาน (ปี67) โปรแกรม 15 (C1E1F1Uหลือง1)
A13: #N/A | B13: นาย ทวีศักดิ์ ศิริบุญประเสริฐ | C13: 24 ม.ค. 2518 | D13: 49 | E13: รายการตรวจเพิ่มเติม บ.ปูนซิเมนต์ไทย (ทุ่งสง) / คัดกรองโรคมะเร็ง, ชุดตรวจสุขภาพคู่สัญญา ปูน B (อายุ35-50 ปี), ชุดคอร์สตรวจสุขภาพ SCG / พนักงาน (ปี67) โปรแกรม 15 (C1E1F1Uหลือง1)
A14: 0150-019506 | B14: นาย ธนิต ว่องไวโรจน์ | C14: 30 มิ.ย. 2519 | D14: 48 | E14: ชุดตรวจสุขภาพคู่สัญญา ปูน B (อายุ35-50 ปี), ชุดคอร์สตรวจสุขภาพ SCG / พนักงาน (ปี67) โปรแกรม 15 (C1E1F1Uหลือง1)
A15: 0150-018567 | B15: นาย ธีระพล บุรีรักษ์ | C15: 12 ต.ค. 2514 | D15: 52 | E15: ชุดตรวจสุขภาพคู่สัญญา ปูน C (อายุ 50 ขึ้นไป ชาย), รายการตรวจเพิ่มเติม บ.ปูนซิเมนต์ไทย (ทุ่งสง) / คัดกรองโรคมะเร็ง, ชุดคอร์สตรวจสุขภาพ SCG / พนักงาน (ปี67) โปรแกรม 15 (C1E1F1Uหลือง1)
A16: 0150-018635 | B16: นาย นุชน้อย รักษ์กำเนิด | C16: 16 ต.ค. 2513 | D16: 53 | E16: รายการตรวจเพิ่มเติม บ.ปูนซิเมนต์ไทย (ทุ่งสง) / คัดกรองโรคมะเร็ง, ชุดตรวจสุขภาพคู่สัญญา ปูน C (อายุ 50 ขึ้นไป ชาย), ชุดคอร์สตรวจสุขภาพ SCG / พนักงาน (ปี67) โปรแกรม 1 (C1E1F1Uเหลือง1)
A17: 0120-022767 | B17: นาย บรรพต เพชรชนะ | C17: 16 พ.ย. 2519 | D17: 47 | E17: รายการตรวจเพิ่มเติม บ.ปูนซิเมนต์ไทย (ทุ่งสง) / คัดกรองโรคมะเร็ง, ชุดตรวจสุขภาพคู่สัญญา ปูน B (อายุ35-50 ปี), ชุดคอร์สตรวจสุขภาพ SCG / พนักงาน (ปี67) โปรแกรม 15 (C1E1F1Uหลือง1)
A18: 0150-017518 | B18: นาย บุรินทร์ อักษรวรรณ | C18: 05 พ.ค. 2514 | D18: 53 | E18: ชุดตรวจสุขภาพคู่สัญญา ปูน C (อายุ 50 ขึ้นไป ชาย), ชุดคอร์สตรวจสุขภาพ SCG / พนักงาน (ปี67) โปรแกรม 1 (C1E1F1Uเหลือง1)
A19: 0150-022094 | B19: นาย ประภาส แก้วพงศ์พันธุ์ | C19: 05 ส.ค. 2512 | D19: 54 | E19: ชุดตรวจสุขภาพคู่สัญญา ปูน C (อายุ 50 ขึ้นไป ชาย), รายการตรวจเพิ่มเติม สำหรับลูกค้า คู่สัญญา (M) ( ตอบโจทย์ ตรงใจ ), รายการตรวจเพิ่มเติม บ.ปูนซิเมนต์ไทย (ทุ่งสง) / คัดกรองโรคมะเร็ง, ชุดคอร์สตรวจสุขภาพ SCG / พนักงาน (ปี67) โปรแกรม 1 (C1E1F1Uเหลือง1)
A20: 0150-020420 | B20: นาย ประสาน ทองสีขำ | C20: 12 ก.ค. 2524 | D20: 43 | E20: รายการตรวจเพิ่มเติม บ.ปูนซิเมนต์ไทย (ทุ่งสง) / คัดกรองโรคมะเร็ง, ชุดตรวจสุขภาพคู่สัญญา ปูน B (อายุ35-50 ปี), ชุดคอร์สตรวจสุขภาพ SCG / พนักงาน (ปี67) โปรแกรม 7 (C1E1F1Uเหลือง1U)
A21: 0150-017516 | B21: นาย ประสิทธิ์ จันทร์ใหม่ | C21: 05 พ.ค. 2516 | D21: 51 | E21: ชุดตรวจสุขภาพคู่สัญญา ปูน C (อายุ 50 ขึ้นไป ชาย), ชุดคอร์สตรวจสุขภาพ SCG / พนักงาน (ปี67) โปรแกรม 1 (C1E1F1Uเหลือง1)
A22: 0150-012525 | B22: นาย ปริญญา ตัณฑชน | C22: 05 ก.ค. 2507 | D22: 60 | E22: ชุดตรวจสุขภาพคู่สัญญา ปูน C (อายุ 50 ขึ้นไป ชาย), ชุดคอร์สตรวจสุขภาพ SCG / พนักงาน (ปี67) โปรแกรม 1 (C1E1F1Uเหลือง1)
A23: 0150-021695 | B23: นาย ปิยพงษ์ ชูชัย | C23: 06 ม.ค. 2528 | D23: 39 | E23: รายการตรวจเพิ่มเติม สำหรับลูกค้า คู่สัญญา (M) ( ตอบโจทย์ ตรงใจ ), ชุดตรวจสุขภาพคู่สัญญา ปูน B (อายุ35-50 ปี), ชุดคอร์สตรวจสุขภาพ SCG / พนักงาน (ปี67) โปรแกรม 17 (C1F1Uเหลือง1)
A24: 0150-020059 | B24: นาย พรรษกร นวลจริง | C24: 10 ก.ย. 2513 | D24: 53 | E24: ชุดตรวจสุขภาพคู่สัญญา ปูน C (อายุ 50 ขึ้นไป ชาย), ชุดคอร์สตรวจสุขภาพ SCG / พนักงาน (ปี67) โปรแกรม 1 (C1E1F1Uเหลือง1)
A25: 0150-021935 | B25: นาย พุทธินันท์ วรรณสวัสดิ์ | C25: 04 พ.ค. 2539 | D25: 28 | E25: รายการตรวจเพิ่มเติม บ.ปูนซิเมนต์ไทย (ทุ่งสง) / คัดกรองโรคมะเร็ง, ชุดตรวจสุขภาพคู่สัญญา ปูน A (อายุน้อยกว่า 35 ปี), ชุดคอร์สตรวจสุขภาพ SCG / พนักงาน (ปี67) โปรแกรม 9 (C1F1Uเหลือง1)
... A42: 0150-018788 | B42: นาย อนุชา แก้วบรรจง | C42: 02 มี.ค. 2518 | D42: 49 | E42: ชุดตรวจสุขภาพคู่สัญญา ปูน B (อายุ35-50 ปี), ชุดคอร์สตรวจสุขภาพ SCG / พนักงาน (ปี67) โปรแกรม 15 (C1E1F1Uหลือง1)

Sheet ความดันโลหิต+ดัชนีมวลกาย
B1: ผลการตรวจความดันโลหิต / ดัชนีมวลกาย (BMI)
B3: ลำดับ | C3: HN | D3: ชื่อ - สกุล | E3: วัน/เดือน/ปีเกิด | F3: อายุ | G3: ตำแหน่งงาน | H3: หน่วยงาน | I3: ส่วน (สำหรับพนักงาน) | J3: น้ำหนัก | K3: ส่วนสูง | L3: ดัชนีมวล กาย | M3: แปลผลดัชนีมวลกาย (BMI) | N3: ความดันโลหิต | Q3: ผลการตรวจ
M4: ค่าปกติ(18.5 - 22.9) | N4: BP Sys | O4: BP Di (60-90) | P4: ชีพจร (60-100 ครั้ง/นาที ) | Q4: ความดันโลหิต | R4: ชีพจร
N5: (90-140)
B6: 1 | C6: 14471-58 | D6: นาง กมลทิพย์ ขบวนสาร | E6: 07 มิ.ย. 2527 | F6: 40 | G6: พนักงานธุรการ | H6: Operations | I6: Operations | J6: 61.3 | K6: 154.2 | L6: 25.78 | M6: อ้วน | N6: 131 | O6: 76 | P6: 79 | Q6: ความดันโลหิตปกติ | R6: ชีพจรปกติ | T6: ดัชนีมวลกาย
B7: 2 | C7: 165-57 | D7: นาย กรณัฐพงษ์ เรืองระพีพรรณ | E7: 04 เม.ย. 2533 | F7: 34 | G7: #N/A | H7: #N/A | I7: #N/A | J7: 71.4 | K7: 174 | L7: 23.58 | M7: น้ำหนักเกินเกณฑ์ | N7: 104 | O7: 62 | P7: 65 | Q7: ความดันโลหิตปกติ | R7: ชีพจรปกติ | T7: ปกติ | U7: 111
B8: 3 | C8: 9043-49 | D8: น.ส. กฤติกา หมัดโส๊ะ | E8: 01 ม.ค. 2528 | F8: 39 | G8: พนักงานเทคโนโลยีสารสนเทศ | H8: เทคโนโลยีสารสนเทศ | I8: MD Office | J8: 52 | K8: 165 | L8: 19.10 | M8: สมส่วน | N8: 106 | O8: 70 | P8: 70 | Q8: ความดันโลหิตปกติ | R8: ชีพจรปกติ | T8: เกินเกณฑ์,อ้วน,อ้วนอันตราย | U8: 355
B9: 4 | C9: 5101-50 | D9: นาย กฤษฎากรณ์ เดชะราช | E9: 18 มิ.ย. 2515 | F9: 52 | G9: Technical and Maintenance Planning Manager | H9: Plant Maintenance | I9: Maintenance Repair Overhaul - STS | J9: 68.5 | K9: 175 | L9: 22.37 | M9: สมส่วน | N9: 106 | O9: 71 | P9: 68 | Q9: ความดันโลหิตปกติ | R9: ชีพจรปกติ | T9: ต่ำ | U9: 5
B10: 5 | C10: 13350-56 | D10: นาย กฤษณรักษ์ รัตนะ | E10: 12 พ.ย. 2530 | F10: 36 | G10: พนักงานซ่อมบำรุงจักรกลหนัก | H10: ซ่อมบำรุงจักรกลหนัก | I10: Quarry | J10: 69.3 | K10: 169 | L10: 24.26 | M10: น้ำหนักเกินเกณฑ์ | N10: 124 | O10: 90 | P10: 83 | Q10: ความดันโลหิตปกติ | R10: ชีพจรปกติ | T10: รวม | U10: 471
B11: 6 | C11: 20669-60 | D11: นาย กฤษดา หนูหอ | E11: 25 เม.ย. 2520 | F11: 47 | G11: Maintenance Overhaul and Consultancy Technician - Electrical | H11: Maintenance Overhaul and Consultancy - Electrical | I11: Maintenance Repair Overhaul - STS | J11: 62.2 | K11: 157.5 | L11: 25.07 | M11: อ้วน | N11: 132 | O11: 90 | P11: 72 | Q11: ความดันโลหิตปกติ | R11: ชีพจรปกติ
B12: 7 | C12: 20050-65 | D12: นาย กวิศ แซ่ตั้ง | E12: 01 ม.ค. 2535 | F12: 32 | G12: #N/A | H12: #N/A | I12: #N/A | J12: 102.1 | K12: 185 | L12: 29.83 | M12: อ้วน | N12: 127 | O12: 79 | P12: 73 | Q12: ความดันโลหิตปกติ | R12: ชีพจรปกติ | T12: ความดันโลหิต
B13: 8 | C13: 11980-47 | D13: นาย ก้องทัย คุณโลก | E13: 17 มี.ค. 2512 | F13: 55 | G13: Mechanical Maintenance Manager – Clinker | H13: Plant Maintenance | I13: Maintenance Repair Overhaul - STS | J13: 76 | K13: 169 | L13: 26.61 | M13: อ้วน | N13: 137 | O13: 91 | P13: 74 | Q13: ความดันโลหิตสูง | R13: ชีพจรปกติ | T13: ปกติ | U13: 404
B14: 9 | C14: 443-50 | D14: นาย กัญจน์ภัสสรณ์ พรหมแสง | E14: 05 มิ.ย. 2519 | F14: 48 | G14: #N/A | H14: #N/A | I14: #N/A | J14: 76.9 | K14: 165 | L14: 28.25 | M14: อ้วน | N14: 139 | O14: 85 | P14: 78 | Q14: ความดันโลหิตปกติ | R14: ชีพจรปกติ | T14: สูงกว่าปกติ | U14: 63
B15: 10 | C15: 19597-49 | D15: น.ส. กัญธนัช ศรีโยธา | E15: 14 ต.ค. 2528 | F15: 38 | G15: BSE Assistant Manager-South Chain | H15: BSE South Chain | I15: BSE South Chain | J15: 61.5 | K15: 162.5 | L15: 23.29 | M15: น้ำหนักเกินเกณฑ์ | N15: 101 | O15: 60 | P15: 71 | Q15: ความดันโลหิตปกติ | R15: ชีพจรปกติ | T15: ต่ำ | U15: 4
B16: 11 | C16: 24355-61 | D16: นาง กาญจนา ลีลารุจนกุล | E16: 13 ต.ค. 2535 | F16: 31 | G16: BSE Operation Officer-STS | H16: BSE Operation - STS | I16: BSE Operation - STS | J16: 56.2 | K16: 163 | L16: 21.15 | M16: สมส่วน | N16: 115 | O16: 81 | P16: 92 | Q16: ความดันโลหิตปกติ | R16: ชีพจรปกติ | T16: รวม | U16: 471
B17: 12 | C17: 11655-54 | D17: นาย ก้าน สิทธิวงศ์ | E17: 28 ก.ค. 2525 | F17: 41 | G17: พนักงานผลิตถุงกระดาษ | H17: ผลิตถุงกระดาษ | I17: Operations | J17: 86 | K17: 168 | L17: 30.47 | M17: อ้วนอันตราย | N17: 133 | O17: 82 | P17: 76 | Q17: ความดันโลหิตปกติ | R17: ชีพจรปกติ
B18: 13 | C18: 4482-62 | D18: นาย กิตตินันท์ จันทกูล | E18: 27 ก.ย. 2534 | F18: 32 | G18: Mechanical Technician | H18: Plant Maintenance | I18: Maintenance Repair Overhaul - STS | J18: 79.1 | K18: 166 | L18: 28.71 | M18: อ้วน | N18: 114 | O18: 69 | P18: 60 | Q18: ความดันโลหิตปกติ | R18: ชีพจรปกติ
B19: 14 | C19: 16852-60 | D19: นาย กิตติพงศ์ ไพชำนาญ | E19: 04 มี.ค. 2535 | F19: 32 | G19: Engineer | H19: Maintenance Repair Overhaul - STS | I19: Maintenance Repair Overhaul - STS | J19: 63 | K19: 167 | L19: 22.59 | M19: สมส่วน | N19: 116 | O19: 62 | P19: 76 | Q19: ความดันโลหิตปกติ | R19: ชีพจรปกติ
B20: 15 | C20: 22376-59 | D20: นาย กิตติพงศ์ สหกโร | E20: 30 เม.ย. 2530 | F20: 37 | G20: พนักงานควบคุมเครื่องย่อย | H20: ผลิตหินย่อยและหินก่อสร้าง | I20: Quarry | J20: 89 | K20: 173 | L20: 29.74 | M20: อ้วน | N20: 116 | O20: 75 | P20: 65 | Q20: ความดันโลหิตปกติ | R20: ชีพจรปกติ
B21: 16 | C21: 3969-43 | D21: นาย กิตติพงษ์ คงปลอด | E21: 02 ก.พ. 2520 | F21: 47 | G21: Mechanical Technician | H21: Plant Maintenance | I21: Maintenance Repair Overhaul - STS | J21: 65 | K21: 167 | L21: 23.31 | M21: น้ำหนักเกินเกณฑ์ | N21: 110 | O21: 72 | P21: 78 | Q21: ความดันโลหิตปกติ | R21: ชีพจรปกติ
B22: 17 | C22: 6256-66 | D22: นาย กิตติพงษ์ ดอกไม้ทอง | E22: 27 ก.ค. 2541 | F22: 25 | G22: #N/A | H22: #N/A | I22: #N/A | J22: 66.9 | K22: 161 | L22: 25.81 | M22: อ้วน | N22: 105 | O22: 60 | P22: 82 | Q22: ความดันโลหิตปกติ | R22: ชีพจรปกติ
B23: 18 | C23: 24617-61 | D23: นาย กิตติพงษ์ ทองมี | E23: 20 เม.ย. 2535 | F23: 32 | G23: #N/A | H23: #N/A | I23: #N/A | J23: 62.5 | K23: 167 | L23: 22.41 | M23: สมส่วน | N23: 123 | O23: 69 | P23: 69 | Q23: ความดันโลหิตปกติ | R23: ชีพจรปกติ
B24: 19 | C24: 22368-59 | D24: นาย กิตติศักดิ์ ช้างกลาง | E24: 14 ก.พ. 2535 | F24: 32 | G24: พนักงานควบคุมจักรกลหนัก | H24: วางแผนและพัฒนาเหมือง | I24: Quarry | J24: 70.7 | K24: 169 | L24: 24.75 | M24: น้ำหนักเกินเกณฑ์ | N24: 114 | O24: 81 | P24: 67 | Q24: ความดันโลหิตปกติ | R24: ชีพจรปกติ
B25: 20 | C25: 22377-59 | D25: นาย กิตติศักดิ์ อ่วมคง | E25: 22 ส.ค. 2531 | F25: 35 | G25: พนักงานควบคุมเครื่องย่อย | H25: ผลิตหินย่อยและหินก่อสร้าง | I25: Quarry | J25: 69 | K25: 163 | L25: 25.97 | M25: อ้วน | N25: 108 | O25: 70 | P25: 72 | Q25: ความดันโลหิตปกติ | R25: ชีพจรปกติ
B26: 21 | C26: 22436-59 | D26: นาย กิตติ ศิริพันธุ์ | E26: 29 มิ.ย. 2529 | F26: 38 | G26: พนักงานเหมืองแร่ | H26: จัดหาและเตรียมวัตถุดิบ | I26: Quarry | J26: 87.4 | K26: 172 | L26: 29.54 | M26: อ้วน | N26: 130 | O26: 85 | P26: 61 | Q26: ความดันโลหิตปกติ | R26: ชีพจรปกติ
B27: 22 | C27: 4570-62 | D27: นาย กีรติ ทับทอง | E27: 11 พ.ค. 2531 | F27: 36 | G27: พนักงาน AFR | H27: AFR | I27: Operations | J27: 51.6 | K27: 171 | L27: 17.65 | M27: น้ำหนักต่ำกว่าเกณฑ์ | N27: 108 | O27: 77 | P27: 79 | Q27: ความดันโลหิตปกติ | R27: ชีพจรปกติ
B28: 23 | C28: 24218-61 | D28: นาง กุลธิดา เครือสาย | E28: 27 มิ.ย. 2516 | F28: 51 | G28: พนักงานบริการลูกค้า | H28: บริการลูกค้า | I28: Operations | J28: 73.8 | K28: 155 | L28: 30.72 | M28: อ้วนอันตราย | N28: 137 | O28: 72 | P28: 60 | Q28: ความดันโลหิตปกติ | R28: ชีพจรปกติ
B29: 24 | C29: 19923-62 | D29: นาย เกรียงไกร คุณโลก | E29: 14 ธ.ค. 2513 | F29: 53 | G29: #N/A | H29: #N/A | I29: #N/A | J29: 66.6 | K29: 158 | L29: 26.68 | M29: อ้วน | N29: 151 | O29: 90 | P29: 70 | Q29: ความดันโลหิตสูง | R29: ชีพจรปกติ
B30: 25 | C30: 9075-50 | D30: นาย เกรียงไกร เซ่งเซี่ยง | E30: 25 เม.ย. 2527 | F30: 40 | G30: Mechanical Technician | H30: Plant Maintenance | I30: Maintenance Repair Overhaul - STS | J30: 58.9 | K30: 161 | L30: 22.72 | M30: สมส่วน | N30: 128 | O30: 78 | P30: 60 | Q30: ความดันโลหิตปกติ | R30: ชีพจรปกติ
B31: 26 | C31: 6253-66 | D31: นาย เกรียงไกร ธรรมโกศล | E31: 20 ธ.ค. 2536 | F31: 30 | G31: #N/A | H31: #N/A | I31: #N/A | J31: 65.7 | K31: 165.5 | L31: 23.99 | M31: น้ำหนักเกินเกณฑ์ | N31: 110 | O31: 68 | P31: 60 | Q31: ความดันโลหิตปกติ | R31: ชีพจรปกติ
B32: 27 | C32: 19837-62 | D32: นาย เกรียงศักดิ์ ชูดวงจันทร์ | E32: 11 มี.ค. 2526 | F32: 41 | G32: #N/A | H32: #N/A | I32: #N/A | J32: 57.7 | K32: 171 | L32: 19.73 | M32: สมส่วน | N32: 104 | O32: 67 | P32: 82 | Q32: ความดันโลหิตปกติ | R32: ชีพจรปกติ
B33: 28 | C33: 20003-62 | D33: นาย เกียรติศักดิ์ ทองทิพย์ | E33: 03 ก.ย. 2516 | F33: 50 | G33: #N/A | H33: #N/A | I33: #N/A | J33: 62.8 | K33: 170.5 | L33: 21.60 | M33: สมส่วน | N33: 118 | O33: 73 | P33: 76 | Q33: ความดันโลหิตปกติ | R33: ชีพจรปกติ
B34: 29 | C34: 17784-56 | D34: นาย เกียรติศักดิ์ ไสยฉิม | E34: 14 ม.ค. 2520 | F34: 47 | G34: พนักงานควบคุมจักรกลหนัก | H34: วางแผนและพัฒนาเหมือง | I34: Quarry | J34: 80.7 | K34: 175 | L34: 26.35 | M34: อ้วน | N34: 133 | O34: 82 | P34: 73 | Q34: ความดันโลหิตปกติ | R34: ชีพจรปกติ
B35: 30 | C35: 24161-61 | D35: นาย โกมิน บวรศุภศรี | E35: 12 ส.ค. 2537 | F35: 29 | G35: Measurement and Analysis Technician | H35: Measurement and Analysis | I35: Maintenance Repair Overhaul - STS | J35: 86 | K35: 167 | L35: 30.84 | M35: อ้วนอันตราย | N35: 134 | O35: 75 | P35: 61 | Q35: ความดันโลหิตปกติ | R35: ชีพจรปกติ
B36: 31 | C36: 7408-51 | D36: นาย โกสินทร์ ศิริปทาวานิช | E36: 03 ต.ค. 2511 | F36: 55 | G36: ผู้ช่วยผู้จัดการตักและขนส่ง | H36: ผลิตหินก่อนย่อย | I36: Quarry | J36: 69.1 | K36: 169 | L36: 24.19 | M36: น้ำหนักเกินเกณฑ์ | N36: 135 | O36: 90 | P36: 80 | Q36: ความดันโลหิตปกติ | R36: ชีพจรปกติ
B37: 32 | C37: 4362-62 | D37: นาย ไกรศรี ผาสุข | E37: 27 พ.ค. 2515 | F37: 52 | G37: #N/A | H37: #N/A | I37: #N/A | J37: 62.4 | K37: 168 | L37: 22.11 | M37: สมส่วน | N37: 102 | O37: 76 | P37: 82 | Q37: ความดันโลหิตปกติ | R37: ชีพจรปกติ
B38: 33 | C38: 14885-56 | D38: นาย ไกวัล มวยดี | E38: 02 ก.พ. 2526 | F38: 41 | G38: Measurement and Analysis Technician | H38: Measurement and Analysis | I38: Maintenance Repair Overhaul - STS | J38: 81.3 | K38: 175 | L38: 26.55 | M38: อ้วน | N38: 140 | O38: 100 | P38: 86 | Q38: ความดันโลหิตสูง | R38: ชีพจรปกติ
B39: 34 | C39: 4216-61 | D39: นาย ขจรพงศ์ สุวรรณเพ็ชร | E39: 05 เม.ย. 2536 | F39: 31 | G39: พนักงาน Fuel & Export | H39: Fuel and Export | I39: Operations | J39: 93.5 | K39: 164 | L39: 34.76 | M39: อ้วนอันตราย | N39: 139 | O39: 78 | P39: 78 | Q39: ความดันโลหิตปกติ | R39: ชีพจรปกติ
B40: 35 | C40: 11762-64 | D40: น.ส. ขวัญวดี อามิตย์ | E40: 13 พ.ย. 2531 | F40: 35 | G40: #N/A | H40: #N/A | I40: #N/A | J40: 90.2 | K40: 166.3 | L40: 32.62 | M40: อ้วนอันตราย | N40: 109 | O40: 62 | P40: 67 | Q40: ความดันโลหิตปกติ | R40: ชีพจรปกติ
B41: 36 | C41: 25972-60 | D41: นาย คงศักย์ มูลจันทะ | E41: 06 ก.พ. 2510 | F41: 57 | G41: #N/A | H41: #N/A | I41: #N/A | J41: 84.6 | K41: 165 | L41: 31.07 | M41: อ้วนอันตราย | N41: 151 | O41: 98 | P41: 70 | Q41: ความดันโลหิตสูง | R41: ชีพจรปกติ
B42: 37 | C42: 13651-51 | D42: นาย คณากร สังข์ทอง | E42: 27 ส.ค. 2530 | F42: 36 | G42: Electrical Technician | H42: Plant Maintenance | I42: Maintenance Repair Overhaul - STS | J42: 74.6 | K42: 177.2 | L42: 23.76 | M42: น้ำหนักเกินเกณฑ์ | N42: 136 | O42: 81 | P42: 66 | Q42: ความดันโลหิตปกติ | R42: ชีพจรปกติ
B43: 38 | C43: 7424-54 | D43: นาย คมกฤช รัตนกุล | E43: 07 มี.ค. 2531 | F43: 36 | G43: Electrical Technician | H43: Plant Maintenance | I43: Maintenance Repair Overhaul - STS | J43: 82.3 | K43: 178.2 | L43: 25.92 | M43: อ้วน | N43: 124 | O43: 82 | P43: 78 | Q43: ความดันโลหิตปกติ | R43: ชีพจรปกติ
B44: 39 | C44: 14172-57 | D44: นาย คมสัน ปัญจะเภรี | E44: 16 มิ.ย. 2528 | F44: 39 | G44: Electrical Technician | H44: Plant Maintenance | I44: Maintenance Repair Overhaul - STS | J44: 61.3 | K44: 173.3 | L44: 20.41 | M44: สมส่วน | N44: 103 | O44: 66 | P44: 78 | Q44: ความดันโลหิตปกติ | R44: ชีพจรปกติ
B45: 40 | C45: 19810-62 | D45: นาย คำรณ ครองรักษ์ | E45: 27 มิ.ย. 2531 | F45: 36 | G45: พนักงานผลิตปูนเม็ด | H45: ผลิตปูนเม็ด TS5 | I45: Operations | J45: 113 | K45: 175 | L45: 36.90 | M45: อ้วนอันตราย | N45: 131 | O45: 85 | P45: 64 | Q45: ความดันโลหิตปกติ | R45: ชีพจรปกติ
B46: 41 | C46: 19786-62 | D46: นาย จตุพล รัตนะ | E46: 11 ส.ค. 2534 | F46: 32 | G46: พนักงาน Biomass | H46: Biomass | I46: Operations | J46: 58.7 | K46: 171 | L46: 20.07 | M46: สมส่วน | N46: 132 | O46: 78 | P46: 76 | Q46: ความดันโลหิตปกติ | R46: ชีพจรปกติ
B47: 42 | C47: 19825-62 | D47: นาย จตุรงค์ ทองสีอ่อน | E47: 15 มิ.ย. 2536 | F47: 31 | G47: Maintenance Overhaul and Consultancy Technician - Mechanical | H47: Maintenance Overhaul and Consultancy - Mechanical | I47: Maintenance Repair Overhaul - STS | J47: 55.6 | K47: 170.2 | L47: 19.19 | M47: สมส่วน | N47: 120 | O47: 69 | P47: 66 | Q47: ความดันโลหิตปกติ | R47: ชีพจรปกติ
B48: 43 | C48: 20002-62 | D48: นาย จตุรงค์ เลขาวิจิตร์ | E48: 02 ก.พ. 2520 | F48: 47 | G48: Electrical Technician | H48: Plant Maintenance | I48: Maintenance Repair Overhaul - STS | J48: 101 | K48: 169 | L48: 35.36 | M48: อ้วนอันตราย | N48: 123 | O48: 81 | P48: 84 | Q48: ความดันโลหิตปกติ | R48: ชีพจรปกติ
B49: 44 | C49: 9073-50 | D49: นาย จตุรงค์ แอ้นไธสง | E49: 14 ส.ค. 2527 | F49: 39 | G49: พนักงานควบคุมจักรกลหนัก | H49: ผลิตหินก่อนย่อย | I49: Quarry | J49: 48.7 | K49: 162.3 | L49: 18.49 | M49: น้ำหนักต่ำกว่าเกณฑ์ | N49: 130 | O49: 90 | P49: 64 | Q49: ความดันโลหิตปกติ | R49: ชีพจรปกติ
B50: 45 | C50: 5766-54 | D50: นาย จราวุฒิ มูณีรัตน์ | E50: 27 มี.ค. 2520 | F50: 47 | G50: ผู้ช่วยผู้จัดการประกันคุณภาพ | H50: ส่งเสริมการผลิต | I50: Operations | J50: 49.1 | K50: 170 | L50: 16.99 | M50: น้ำหนักต่ำกว่าเกณฑ์ | N50: 103 | O50: 69 | P50: 100 | Q50: ความดันโลหิตปกติ | R50: ชีพจรปกติ
B51: 46 | C51: 19797-62 | D51: นาย จเร บัวอนนท์ | E51: 08 ก.ค. 2535 | F51: 32 | G51: Maintenance Overhaul and Consultancy Technician - Electrical | H51: Maintenance Overhaul and Consultancy - Electrical | I51: Maintenance Repair Overhaul - STS | J51: 74.2 | K51: 165 | L51: 27.25 | M51: อ้วน | N51: 120 | O51: 78 | P51: 73 | Q51: ความดันโลหิตปกติ | R51: ชีพจรปกติ
B52: 47 | C52: 22429-59 | D52: นาย จักรกฤษณ์ ฤทธิ์ศรี | E52: 07 เม.ย. 2536 | F52: 31 | G52: พนักงานซ่อมบำรุงจักรกลหนัก | H52: ซ่อมบำรุงจักรกลหนัก | I52: Quarry | J52: 74.5 | K52: 174 | L52: 24.61 | M52: น้ำหนักเกินเกณฑ์ | N52: 130 | O52: 72 | P52: 69 | Q52: ความดันโลหิตปกติ | R52: ชีพจรปกติ
B53: 48 | C53: 20021-62 | D53: นาย จักรกฤษ์ มณีฉาย | E53: 17 ส.ค. 2536 | F53: 30 | G53: พนักงานผลิตไฟฟ้า | H53: Waste Heat Generator STS | I53: Operations | J53: 55.7 | K53: 163 | L53: 20.96 | M53: สมส่วน | N53: 125 | O53: 67 | P53: 90 | Q53: ความดันโลหิตปกติ | R53: ชีพจรปกติ
... B63: 58 | C63: 16107-59 | D63: นาย จิระวุฒิ พรหมนิมิตร์ | E63: 21 เม.ย. 2528 | F63: 39 | G63: พนักงานผลิตปูนเม็ด | H63: ผลิตปูนเม็ด TS5 | I63: Operations | J63: 106.9 | K63: 182.8 | L63: 31.99 | M63: อ้วนอันตราย | N63: 147 | O63: 90 | P63: 76 | Q63: ความดันโลหิตสูง | R63: ชีพจรปกติ
B64: 59 | C64: 3157-54 | D64: นาย จิระศักดิ์ ธรรมศิลา | E64: 21 พ.ค. 2526 | F64: 41 | G64: #N/A | H64: #N/A | I64: #N/A | J64: 97.1 | K64: 179.5 | L64: 30.14 | M64: อ้วนอันตราย | N64: 125 | O64: 79 | P64: 71 | Q64: ความดันโลหิตปกติ | R64: ชีพจรปกติ
B65: 60 | C65: 978-56 | D65: นาย จิระศักดิ์ พรมแก้ว | E65: 08 มิ.ย. 2520 | F65: 47 | G65: พนักงานบรรจุและจ่ายซีเมนต์ | H65: บรรจุและจ่ายซีเมนต์ | I65: Operations | J65: 65.4 | K65: 165.2 | L65: 23.96 | M65: น้ำหนักเกินเกณฑ์ | N65: 121 | O65: 75 | P65: 71 | Q65: ความดันโลหิตปกติ | R65: ชีพจรปกติ
B66: 61 | C66: 2723-53 | D66: นาย จิระศักดิ์ ไพริน | E66: 08 มี.ค. 2519 | F66: 48 | G66: ผู้ช่วยผู้จัดการ Fuel & Export | H66: Fuel and Export | I66: Operations | J66: 72.4 | K66: 174 | L66: 23.91 | M66: น้ำหนักเกินเกณฑ์ | N66: 126 | O66: 75 | P66: 66 | Q66: ความดันโลหิตปกติ | R66: ชีพจรปกติ
B67: 62 | C67: 18306-58 | D67: น.ส. จีรนันท์ วงศ์สวัสดิ์ | E67: 04 ธ.ค. 2523 | F67: 43 | G67: BSE Operation Officer-STS | H67: BSE Operation - STS | I67: BSE Operation - STS | J67: 48 | K67: 149 | L67: 21.62 | M67: สมส่วน | N67: 92 | O67: 60 | P67: 75 | Q67: ความดันโลหิตปกติ | R67: ชีพจรปกติ
B68: 63 | C68: 2820-57 | D68: นาย จีรพงษ์ แซ่ลิ้ม | E68: 07 เม.ย. 2534 | F68: 33 | G68: พนักงานควบคุมจักรกลหนัก | H68: ผลิตหินก่อนย่อย | I68: Quarry | J68: 73.8 | K68: 171.5 | L68: 25.09 | M68: อ้วน | N68: 118 | O68: 71 | P68: 80 | Q68: ความดันโลหิตปกติ | R68: ชีพจรปกติ
B69: 64 | C69: 19987-62 | D69: นาย จีรศักดิ์ คงบุรี | E69: 30 ม.ค. 2516 | F69: 51 | G69: #N/A | H69: #N/A | I69: #N/A | J69: 56.6 | K69: 156 | L69: 23.26 | M69: น้ำหนักเกินเกณฑ์ | N69: 99 | O69: 71 | P69: 62 | Q69: ความดันโลหิตปกติ | R69: ชีพจรปกติ
B70: 65 | C70: 6607-49 | D70: นาย จีรศักดิ์ เจริญพงศ์ | E70: 04 มิ.ย. 2524 | F70: 43 | G70: Customer Value Creation Staff | H70: Customer Value Creation | I70: Total Services and Solutions | J70: 75.1 | K70: 167.5 | L70: 26.77 | M70: อ้วน | N70: 159 | O70: 109 | P70: 86 | Q70: ความดันโลหิตสูง | R70: ชีพจรปกติ
B71: 66 | C71: 4392-62 | D71: นาย จีระพจน์ ทองเลี่ยมนาค | E71: 27 มี.ค. 2514 | F71: 53 | G71: #N/A | H71: #N/A | I71: #N/A | J71: 64.6 | K71: 177.5 | L71: 20.50 | M71: สมส่วน | N71: 126 | O71: 85 | P71: 63 | Q71: ความดันโลหิตปกติ | R71: ชีพจรปกติ
B72: 67 | C72: 2082-57 | D72: นาง จุฑารัตน์ คงศิริ | E72: 17 เม.ย. 2532 | F72: 35 | G72: พนักงานบริการลูกค้า | H72: บริการลูกค้า | I72: Operations | J72: 63.5 | K72: 160 | L72: 24.80 | M72: น้ำหนักเกินเกณฑ์ | N72: 129 | O72: 71 | P72: 87 | Q72: ความดันโลหิตปกติ | R72: ชีพจรปกติ
B73: 68 | C73: 26666-48 | D73: นาย เจตร กัญจนกาญจน์ | E73: 04 พ.ย. 2519 | F73: 47 | G73: Measurement and Analysis Supervisor | H73: Measurement and Analysis | I73: Maintenance Repair Overhaul - STS | J73: 64.9 | K73: 150.5 | L73: 28.65 | M73: อ้วน | N73: 152 | O73: 95 | P73: 98 | Q73: ความดันโลหิตสูง | R73: ชีพจรปกติ
B74: 69 | C74: 24631-61 | D74: นาย เจริญชัย สุนทรา | E74: 21 ก.พ. 2528 | F74: 39 | G74: Maintenance Overhaul and Consultancy Technician - Electrical | H74: Maintenance Overhaul and Consultancy - Electrical | I74: Maintenance Repair Overhaul - STS | J74: 97.5 | K74: 172.5 | L74: 32.77 | M74: อ้วนอันตราย | N74: 128 | O74: 78 | P74: 60 | Q74: ความดันโลหิตปกติ | R74: ชีพจรปกติ
B75: 70 | C75: 13250-48 | D75: นาย เจริญศักดิ์ เหลืองอุ่มพล | E75: 13 ก.ย. 2518 | F75: 48 | G75: Engineering Workshop - Mechanical Technician | H75: Maintenance Workshop Service | I75: Maintenance Workshop Service | J75: 66.5 | K75: 165 | L75: 24.43 | M75: น้ำหนักเกินเกณฑ์ | N75: 128 | O75: 78 | P75: 86 | Q75: ความดันโลหิตปกติ | R75: ชีพจรปกติ
B76: 71 | C76: 24630-61 | D76: นาย เจษฎา รัตนานุกูล | E76: 30 พ.ค. 2536 | F76: 31 | G76: พนักงานผลิตซีเมนต์ | H76: ผลิตซีเมนต์ | I76: Operations | J76: 70 | K76: 161 | L76: 27.01 | M76: อ้วน | N76: 125 | O76: 73 | P76: 89 | Q76: ความดันโลหิตปกติ | R76: ชีพจรปกติ
B77: 72 | C77: 19843-62 | D77: นาย ฉัตรชัย แขกเทพ | E77: 25 ส.ค. 2531 | F77: 35 | G77: พนักงานผลิตถุงกระดาษ | H77: ผลิตถุงกระดาษ | I77: Operations | J77: 75.7 | K77: 171 | L77: 25.89 | M77: อ้วน | N77: 140 | O77: 82 | P77: 82 | Q77: ความดันโลหิตปกติ | R77: ชีพจรปกติ
B78: 73 | C78: 17349-46 | D78: นาย ฉัตรชัย ตันติพุฒิกุล | E78: 10 ก.ย. 2511 | F78: 55 | G78: Assistant Manager | H78: Supply Chain and Logistic Management | I78: Supply Chain and Logistic Management | J78: 65.2 | K78: 160.7 | L78: 25.25 | M78: อ้วน | N78: 136 | O78: 83 | P78: 73 | Q78: ความดันโลหิตปกติ | R78: ชีพจรปกติ
B79: 74 | C79: 23901-61 | D79: นาย ฉัตรชัย แผ้วพาล | E79: 18 ก.ค. 2532 | F79: 35 | G79: Mechanical Technician | H79: Plant Maintenance | I79: Maintenance Repair Overhaul - STS | J79: 110 | K79: 167 | L79: 39.44 | M79: อ้วนอันตราย | N79: 126 | O79: 79 | P79: 79 | Q79: ความดันโลหิตปกติ | R79: ชีพจรปกติ
B80: 75 | C80: 5029-66 | D80: นาย ฉัตริน ดิษฐวิทย์ | E80: 08 พ.ย. 2531 | F80: 35 | G80: #N/A | H80: #N/A | I80: #N/A | J80: 84.3 | K80: 171 | L80: 28.83 | M80: อ้วน | N80: 133 | O80: 82 | P80: 101 | Q80: ความดันโลหิตปกติ | R80: ชีพจรเร็ว
B81: 76 | C81: 902-54 | D81: นาย เฉลิมชัย ตะหมัง | E81: 04 ธ.ค. 2531 | F81: 35 | G81: พนักงานซ่อมบำรุงจักรกลหนัก | H81: ซ่อมบำรุงจักรกลหนัก | I81: Quarry | J81: 89.3 | K81: 182.5 | L81: 26.81 | M81: อ้วน | N81: 146 | O81: 94 | P81: 62 | Q81: ความดันโลหิตสูง | R81: ชีพจรปกติ
B82: 77 | C82: 6211-66 | D82: นาย เฉลิมชัย นาฉิม | E82: 03 ก.ย. 2534 | F82: 32 | G82: #N/A | H82: #N/A | I82: #N/A | J82: 80 | K82: 166 | L82: 29.03 | M82: อ้วน | N82: 111 | O82: 76 | P82: 66 | Q82: ความดันโลหิตปกติ | R82: ชีพจรปกติ
B83: 78 | C83: 9939-54 | D83: นาย เฉลิมชัย รงค์ฤทธิ์ไชย | E83: 05 ธ.ค. 2515 | F83: 51 | G83: ผู้ช่วยผู้จัดการตักและขนส่ง | H83: ผลิตหินก่อนย่อย | I83: Quarry | J83: 65.5 | K83: 162 | L83: 24.96 | M83: น้ำหนักเกินเกณฑ์ | N83: 140 | O83: 87 | P83: 97 | Q83: ความดันโลหิตปกติ | R83: ชีพจรปกติ
B84: 79 | C84: 19838-62 | D84: นาย ชัชลัญ แสงจันทร์ | E84: 04 พ.ค. 2532 | F84: 35 | G84: Mechanical Technician | H84: Plant Maintenance | I84: Maintenance Repair Overhaul - STS | J84: 64.2 | K84: 161 | L84: 24.77 | M84: น้ำหนักเกินเกณฑ์ | N84: 124 | O84: 80 | P84: 61 | Q84: ความดันโลหิตปกติ | R84: ชีพจรปกติ
B85: 80 | C85: 18500-50 | D85: นาย ชัยภัทร ปิยะเกศกุล | E85: 11 ก.ค. 2519 | F85: 48 | G85: พนักงานซ่อมบำรุงจักรกลหนัก | H85: ซ่อมบำรุงจักรกลหนัก | I85: Quarry | J85: 72.4 | K85: 173.5 | L85: 24.05 | M85: น้ำหนักเกินเกณฑ์ | N85: 110 | O85: 78 | P85: 60 | Q85: ความดันโลหิตปกติ | R85: ชีพจรปกติ
B86: 81 | C86: 6107-66 | D86: นาย ชัยยันต์ สอาดม่วง | E86: 21 ส.ค. 2516 | F86: 50 | G86: #N/A | H86: #N/A | I86: #N/A | J86: 59.9 | K86: 159 | L86: 23.69 | M86: น้ำหนักเกินเกณฑ์ | N86: 124 | O86: 89 | P86: 70 | Q86: ความดันโลหิตปกติ | R86: ชีพจรปกติ
B87: 82 | C87: 11766-64 | D87: นาย ชัยยุทธ ไพฑูรย์ | E87: 30 เม.ย. 2511 | F87: 56 | G87: #N/A | H87: #N/A | I87: #N/A | J87: 65.4 | K87: 173 | L87: 21.85 | M87: สมส่วน | N87: 135 | O87: 77 | P87: 66 | Q87: ความดันโลหิตปกติ | R87: ชีพจรปกติ
B88: 83 | C88: 22404-59 | D88: นาย ชาคร จิระแพทย์ | E88: 14 มิ.ย. 2535 | F88: 32 | G88: พนักงานควบคุมจักรกลหนัก | H88: ผลิตหินก่อนย่อย | I88: Quarry | J88: 77.6 | K88: 167 | L88: 27.82 | M88: อ้วน | N88: 125 | O88: 73 | P88: 62 | Q88: ความดันโลหิตปกติ | R88: ชีพจรปกติ
B89: 84 | C89: 7624-60 | D89: นาย ชาญณรงค์ เกิดขุมทอง | E89: 18 ม.ค. 2528 | F89: 39 | G89: #N/A | H89: #N/A | I89: #N/A | J89: 59.7 | K89: 162 | L89: 22.75 | M89: สมส่วน | N89: 107 | O89: 74 | P89: 68 | Q89: ความดันโลหิตปกติ | R89: ชีพจรปกติ
B90: 85 | C90: 18387-52 | D90: นาย ชาญยุทธ แก้วใจจง | E90: 04 ต.ค. 2528 | F90: 38 | G90: พนักงานผลิตปูนเม็ด | H90: ผลิตปูนเม็ด TS4 | I90: Operations | J90: 73.1 | K90: 173 | L90: 24.42 | M90: น้ำหนักเกินเกณฑ์ | N90: 132 | O90: 90 | P90: 90 | Q90: ความดันโลหิตปกติ | R90: ชีพจรปกติ
B91: 86 | C91: 19926-62 | D91: นาย ชาตรี ทองนาค | E91: 08 มิ.ย. 2515 | F91: 52 | G91: Technical and Maintenance Planning Manager | H91: Plant Maintenance | I91: Maintenance Repair Overhaul - STS | J91: 71.9 | K91: 168 | L91: 25.47 | M91: อ้วน | N91: 123 | O91: 87 | P91: 62 | Q91: ความดันโลหิตปกติ | R91: ชีพจรปกติ
B92: 87 | C92: 6990-67 | D92: นาย ชานน อติวีระกุล | E92: 28 เม.ย. 2536 | F92: 31 | G92: #N/A | H92: #N/A | I92: #N/A | J92: 76.1 | K92: 179 | L92: 23.75 | M92: น้ำหนักเกินเกณฑ์ | N92: 121 | O92: 76 | P92: 56 | Q92: ความดันโลหิตปกติ | R92: ชีพจรช้า
B93: 88 | C93: 20869-48 | D93: นาย ชำนาญ โชคไพศาล | E93: 11 ก.ย. 2523 | F93: 43 | G93: Electrical Technician | H93: Plant Maintenance | I93: Maintenance Repair Overhaul - STS | J93: 82.1 | K93: 181 | L93: 25.06 | M93: อ้วน | N93: 136 | O93: 89 | P93: 78 | Q93: ความดันโลหิตปกติ | R93: ชีพจรปกติ
B94: 89 | C94: 14118-58 | D94: นาย เชาวรัตน์ บุญตั้ง | E94: 26 ก.ค. 2520 | F94: 46 | G94: พนักงานควบคุมจักรกลหนัก | H94: ผลิตหินก่อนย่อย | I94: Quarry | J94: 86.8 | K94: 175 | L94: 28.34 | M94: อ้วน | N94: 131 | O94: 70 | P94: 66 | Q94: ความดันโลหิตปกติ | R94: ชีพจรปกติ
B95: 90 | C95: 4333-62 | D95: นาย โชคชัย ขบวนสาร | E95: 14 ม.ค. 2532 | F95: 35 | G95: #N/A | H95: #N/A | I95: #N/A | J95: 72.2 | K95: 172 | L95: 24.41 | M95: น้ำหนักเกินเกณฑ์ | N95: 108 | O95: 73 | P95: 64 | Q95: ความดันโลหิตปกติ | R95: ชีพจรปกติ
B96: 91 | C96: 14180-60 | D96: นาย โชคชัย พิทักษ์บุตร | E96: 16 มี.ค. 2535 | F96: 32 | G96: พนักงาน Biomass - จัดหา | H96: Biomass | I96: Operations | J96: 95.4 | K96: 170 | L96: 33.01 | M96: อ้วนอันตราย | N96: 137 | O96: 85 | P96: 74 | Q96: ความดันโลหิตปกติ | R96: ชีพจรปกติ
B97: 92 | C97: 16942-59 | D97: นาย ไชยยงค์ ชูชาติ | E97: 05 พ.ค. 2534 | F97: 33 | G97: พนักงานผลิตไฟฟ้า | H97: Waste Heat Generator STS | I97: Operations | J97: 79.6 | K97: 174.3 | L97: 26.20 | M97: อ้วน | N97: 115 | O97: 86 | P97: 70 | Q97: ความดันโลหิตปกติ | R97: ชีพจรปกติ
B98: 93 | C98: 24501-61 | D98: นาย ไชยวัฒน์ พุทธวงศ์ | E98: 06 ก.ค. 2535 | F98: 32 | G98: Electrical Technician | H98: Plant Maintenance | I98: Maintenance Repair Overhaul - STS | J98: 86.3 | K98: 172.7 | L98: 28.94 | M98: อ้วน | N98: 135 | O98: 86 | P98: 89 | Q98: ความดันโลหิตปกติ | R98: ชีพจรปกติ
B99: 94 | C99: 6609-49 | D99: นาย ญาณพงศ์ ตู้เซ่ง | E99: 04 ต.ค. 2528 | F99: 38 | G99: Measurement and Analysis Technician | H99: Measurement and Analysis | I99: Maintenance Repair Overhaul - STS | J99: 69.9 | K99: 173 | L99: 23.36 | M99: น้ำหนักเกินเกณฑ์ | N99: 119 | O99: 79 | P99: 78 | Q99: ความดันโลหิตปกติ | R99: ชีพจรปกติ
B100: 95 | C100: 13955-43 | D100: นาย ณฐพงศ์ หมื่นละม้าย | E100: 21 พ.ค. 2516 | F100: 51 | G100: พนักงานบรรจุและจ่ายซีเมนต์ | H100: บรรจุและจ่ายซีเมนต์ | I100: Operations | J100: 88.5 | K100: 175 | L100: 28.90 | M100: อ้วน | N100: 157 | O100: 91 | P100: 73 | Q100: ความดันโลหิตสูง | R100: ชีพจรปกติ
B101: 96 | C101: 4527-62 | D101: นาย ณรงค์ พลกูล | E101: 27 ก.พ. 2519 | F101: 48 | G101: Customer Value Creation Staff | H101: Customer Value Creation | I101: Total Services and Solutions | J101: 74.1 | K101: 162 | L101: 28.24 | M101: อ้วน | N101: 139 | O101: 84 | P101: 103 | Q101: ความดันโลหิตปกติ | R101: ชีพจรเร็ว
B102: 97 | C102: 24295-61 | D102: นาย ณรงค์ ลาภจุติ | E102: 29 พ.ค. 2518 | F102: 49 | G102: พนักงานผลิตปูนเม็ด | H102: ผลิตปูนเม็ด TS4 | I102: Operations | J102: 62.9 | K102: 169 | L102: 22.02 | M102: สมส่วน | N102: 102 | O102: 64 | P102: 60 | Q102: ความดันโลหิตปกติ | R102: ชีพจรปกติ
B103: 98 | C103: 777-58 | D103: นาย ณรงค์ ศรีอนุรักษ์ | E103: 03 ต.ค. 2520 | F103: 46 | G103: พนักงานบัญชีจ่าย | H103: ผลิตถุงกระดาษ | I103: Operations | J103: 87.7 | K103: 167.9 | L103: 31.11 | M103: อ้วนอันตราย | N103: 137 | O103: 90 | P103: 70 | Q103: ความดันโลหิตปกติ | R103: ชีพจรปกติ
B104: 99 | C104: 21456-49 | D104: นาย ณัฏฐวัฒน์ กิจเยาวสงค์ | E104: 09 มิ.ย. 2513 | F104: 54 | G104: Assistant Manager Customer Value Creation | H104: Customer Value Creation | I104: Total Services and Solutions | J104: 85.9 | K104: 170 | L104: 29.72 | M104: อ้วน | N104: 124 | O104: 60 | P104: 68 | Q104: ความดันโลหิตปกติ | R104: ชีพจรปกติ
B105: 100 | C105: 2696-49 | D105: นาย ณัฐกิจ แดงสิน | E105: 12 ธ.ค. 2519 | F105: 47 | G105: นักบัญชี | H105: CAD | I105: CAD | J105: 61.6 | K105: 156.4 | L105: 25.18 | M105: อ้วน | N105: 116 | O105: 75 | P105: 73 | Q105: ความดันโลหิตปกติ | R105: ชีพจรปกติ
B106: 101 | C106: 20186-62 | D106: นาย ณัฐชนน สาธุวงค์ | E106: 17 ส.ค. 2537 | F106: 29 | G106: #N/A | H106: #N/A | I106: #N/A | J106: 76.3 | K106: 177 | L106: 24.35 | M106: น้ำหนักเกินเกณฑ์ | N106: 130 | O106: 89 | P106: 93 | Q106: ความดันโลหิตปกติ | R106: ชีพจรปกติ
B107: 102 | C107: 8720-61 | D107: นาย ณัฐพงศ์ กรรเชียง | E107: 05 เม.ย. 2535 | F107: 32 | G107: Maintenance Overhaul and Consultancy Technician - Electrical | H107: Maintenance Overhaul and Consultancy - Electrical | I107: Maintenance Repair Overhaul - STS | J107: 77.7 | K107: 177.5 | L107: 24.66 | M107: น้ำหนักเกินเกณฑ์ | N107: 111 | O107: 78 | P107: 70 | Q107: ความดันโลหิตปกติ | R107: ชีพจรปกติ
B108: 103 | C108: 19783-62 | D108: นาย ณัฐพงศ์ บุษปะเวศ | E108: 24 ส.ค. 2533 | F108: 33 | G108: BSE Operation Manager-STS | H108: BSE Operation - STS | I108: BSE Operation - STS | J108: 59.5 | K108: 172 | L108: 20.11 | M108: สมส่วน | N108: 111 | O108: 60 | P108: 72 | Q108: ความดันโลหิตปกติ | R108: ชีพจรปกติ
B109: 104 | C109: 4597-62 | D109: นาย ณัฐพงษ์ เส่งตี๋ | E109: 06 พ.ค. 2530 | F109: 37 | G109: Electrical Technician | H109: Plant Maintenance | I109: Maintenance Repair Overhaul - STS | J109: 98 | K109: 168.3 | L109: 34.60 | M109: อ้วนอันตราย | N109: 118 | O109: 78 | P109: 88 | Q109: ความดันโลหิตปกติ | R109: ชีพจรปกติ
B110: 105 | C110: 22405-59 | D110: นาย ณัฐพล โต๊ะยี | E110: 07 ธ.ค. 2535 | F110: 31 | G110: พนักงานควบคุมจักรกลหนัก | H110: ผลิตหินก่อนย่อย | I110: Quarry | J110: 66.7 | K110: 174 | L110: 22.03 | M110: สมส่วน | N110: 123 | O110: 68 | P110: 83 | Q110: ความดันโลหิตปกติ | R110: ชีพจรปกติ
...

Sheet ไขมัน+น้ำตาลในเลือด
B1: ผลการตรวจไขมันและน้ำตาลในเลือด (Lipid Profile , FBS)
B3: No | C3: HN | D3: ชื่อ - สกุล | E3: วัน/เดือน/ปีเกิด | F3: อายุ | G3: ตำแหน่งงาน | H3: หน่วยงาน | I3: ส่วน (สำหรับพนักงาน) | J3: ไขมัน | K3: ไขมันไตรกลีเซอไรด์ | L3: ไขมันชนิดดีในเลือด (HDL) | M3: ไขมันร้าย (LDL) | N3: สรุปผลการตรวจไขมันในเลือด | O3: น้ำตาลในเลือด (FBS) | P3: สรุปผลการตรวจน้ำตาลในเลือด
J4: คลอเลสเตอรอล | K4: (Triglyceride)
J5: (Cholesterol)
P6: ค่าปกติ 70-99
J7: ค่าปกติ (<200) | K7: ค่าปกติ (<150) | L7: ค่าปกติ ญ(>50) | M7: ค่าปกติ (<130)
L8: ช(>40)
B9: 1 | C9: 14471-58 | D9: นาง กมลทิพย์ ขบวนสาร | E9: 07 มิ.ย. 2527 | F9: 40 | G9: พนักงานธุรการ | H9: Operations | I9: Operations | J9: 238 | K9: 110 | L9: 68 | M9: 149 | N9: ไขมันในเลือดสูง | O9: 90 | P9: ระดับน้ำตาลในเลือดปกติ | R9: ไขมันในเลือด
B10: 2 | C10: 165-57 | D10: นาย กรณัฐพงษ์ เรืองระพีพรรณ | E10: 04 เม.ย. 2533 | F10: 34 | G10: #N/A | H10: #N/A | I10: #N/A | J10: 233 | K10: 129 | L10: 52 | M10: 155 | N10: ไขมันในเลือดสูง | O10: 83 | P10: ระดับน้ำตาลในเลือดปกติ | R10: ปกติ | S10: 87
B11: 3 | C11: 9043-49 | D11: น.ส. กฤติกา หมัดโส๊ะ | E11: 01 ม.ค. 2528 | F11: 39 | G11: พนักงานเทคโนโลยีสารสนเทศ | H11: เทคโนโลยีสารสนเทศ | I11: MD Office | J11: 238 | K11: 79 | L11: 51 | M11: 171 | N11: ไขมันในเลือดสูง | O11: 79 | P11: ระดับน้ำตาลในเลือดปกติ | R11: ผิดปกติ | S11: 363
B12: 4 | C12: 5101-50 | D12: นาย กฤษฎากรณ์ เดชะราช | E12: 18 มิ.ย. 2515 | F12: 52 | G12: Technical and Maintenance Planning Manager | H12: Plant Maintenance | I12: Maintenance Repair Overhaul - STS | J12: - | K12: - | L12: - | M12: - | N12: ไม่ได้รับการตรวจ | O12: - | P12: ไม่ได้รับการตรวจ | R12: รวม | S12: 450
B13: 5 | C13: 13350-56 | D13: นาย กฤษณรักษ์ รัตนะ | E13: 12 พ.ย. 2530 | F13: 36 | G13: พนักงานซ่อมบำรุงจักรกลหนัก | H13: ซ่อมบำรุงจักรกลหนัก | I13: Quarry | J13: 214 | K13: 196 | L13: 70 | M13: 105 | N13: ไขมันในเลือดสูง | O13: 94 | P13: ระดับน้ำตาลในเลือดปกติ
B14: 6 | C14: 20669-60 | D14: นาย กฤษดา หนูหอ | E14: 25 เม.ย. 2520 | F14: 47 | G14: Maintenance Overhaul and Consultancy Technician - Electrical | H14: Maintenance Overhaul and Consultancy - Electrical | I14: Maintenance Repair Overhaul - STS | J14: 210 | K14: 79 | L14: 107 | M14: 88 | N14: ไขมันคลอเลสเตอรอลสูง | O14: 83 | P14: ระดับน้ำตาลในเลือดปกติ | R14: น้ำตาลในเลือด
B15: 7 | C15: 20050-65 | D15: นาย กวิศ แซ่ตั้ง | E15: 01 ม.ค. 2535 | F15: 32 | G15: #N/A | H15: #N/A | I15: #N/A | J15: 230 | K15: 148 | L15: 61 | M15: 139 | N15: ไขมันในเลือดสูง | O15: 86 | P15: ระดับน้ำตาลในเลือดปกติ | R15: ปกติ | S15: 370
B16: 8 | C16: 11980-47 | D16: นาย ก้องทัย คุณโลก | E16: 17 มี.ค. 2512 | F16: 55 | G16: Mechanical Maintenance Manager – Clinker | H16: Plant Maintenance | I16: Maintenance Repair Overhaul - STS | J16: 217 | K16: 170 | L16: 47 | M16: 137 | N16: ไขมันในเลือดสูง | O16: 88 | P16: ระดับน้ำตาลในเลือดปกติ | R16: ผิดปกติ | S16: 79
B17: 9 | C17: 443-50 | D17: นาย กัญจน์ภัสสรณ์ พรหมแสง | E17: 05 มิ.ย. 2519 | F17: 48 | G17: #N/A | H17: #N/A | I17: #N/A | J17: 247 | K17: 250 | L17: 43 | M17: 153 | N17: ไขมันในเลือดสูง | O17: 90 | P17: ระดับน้ำตาลในเลือดปกติ | R17: รวม | S17: 449
B18: 10 | C18: 19597-49 | D18: น.ส. กัญธนัช ศรีโยธา | E18: 14 ต.ค. 2528 | F18: 38 | G18: BSE Assistant Manager-South Chain | H18: BSE South Chain | I18: BSE South Chain | J18: 248 | K18: 94 | L18: 58 | M18: 172 | N18: ไขมันในเลือดสูง | O18: 79 | P18: ระดับน้ำตาลในเลือดปกติ
B19: 11 | C19: 24355-61 | D19: นาง กาญจนา ลีลารุจนกุล | E19: 13 ต.ค. 2535 | F19: 31 | G19: BSE Operation Officer-STS | H19: BSE Operation - STS | I19: BSE Operation - STS | J19: 164 | K19: 57 | L19: 70 | M19: 82 | N19: ปกติ | O19: 81 | P19: ระดับน้ำตาลในเลือดปกติ
B20: 12 | C20: 11655-54 | D20: นาย ก้าน สิทธิวงศ์ | E20: 28 ก.ค. 2525 | F20: 41 | G20: พนักงานผลิตถุงกระดาษ | H20: ผลิตถุงกระดาษ | I20: Operations | J20: 243 | K20: 264 | L20: 42 | M20: 147 | N20: ไขมันในเลือดสูง | O20: 95 | P20: ระดับน้ำตาลในเลือดปกติ
B21: 13 | C21: 4482-62 | D21: นาย กิตตินันท์ จันทกูล | E21: 27 ก.ย. 2534 | F21: 32 | G21: Mechanical Technician | H21: Plant Maintenance | I21: Maintenance Repair Overhaul - STS | J21: 269 | K21: 125 | L21: 47 | M21: 197 | N21: ไขมันในเลือดสูง | O21: 98 | P21: ระดับน้ำตาลในเลือดปกติ
B22: 14 | C22: 16852-60 | D22: นาย กิตติพงศ์ ไพชำนาญ | E22: 04 มี.ค. 2535 | F22: 32 | G22: Engineer | H22: Maintenance Repair Overhaul - STS | I22: Maintenance Repair Overhaul - STS | J22: 278 | K22: 125 | L22: 46 | M22: 207 | N22: ไขมันในเลือดสูง | O22: 90 | P22: ระดับน้ำตาลในเลือดปกติ
B23: 15 | C23: 22376-59 | D23: นาย กิตติพงศ์ สหกโร | E23: 30 เม.ย. 2530 | F23: 37 | G23: พนักงานควบคุมเครื่องย่อย | H23: ผลิตหินย่อยและหินก่อสร้าง | I23: Quarry | J23: 212 | K23: 117 | L23: 53 | M23: 135 | N23: ไขมันในเลือดสูง | O23: 113 | P23: ระดับน้ำตาลในเลือดสูงกว่าปกติ
B24: 16 | C24: 3969-43 | D24: นาย กิตติพงษ์ คงปลอด | E24: 02 ก.พ. 2520 | F24: 47 | G24: Mechanical Technician | H24: Plant Maintenance | I24: Maintenance Repair Overhaul - STS | J24: 213 | K24: 302 | L24: 41 | M24: 111 | N24: ไขมันในเลือดสูง | O24: 118 | P24: ระดับน้ำตาลในเลือดสูงกว่าปกติ
B25: 17 | C25: 6256-66 | D25: นาย กิตติพงษ์ ดอกไม้ทอง | E25: 27 ก.ค. 2541 | F25: 25 | G25: #N/A | H25: #N/A | I25: #N/A | J25: 378 | K25: 286 | L25: 45 | M25: 276 | N25: ไขมันในเลือดสูง | O25: 82 | P25: ระดับน้ำตาลในเลือดปกติ
B26: 18 | C26: 24617-61 | D26: นาย กิตติพงษ์ ทองมี | E26: 20 เม.ย. 2535 | F26: 32 | G26: #N/A | H26: #N/A | I26: #N/A | J26: 116 | K26: 81 | L26: 62 | M26: 38 | N26: ปกติ | O26: 81 | P26: ระดับน้ำตาลในเลือดปกติ
B27: 19 | C27: 22368-59 | D27: นาย กิตติศักดิ์ ช้างกลาง | E27: 14 ก.พ. 2535 | F27: 32 | G27: พนักงานควบคุมจักรกลหนัก | H27: วางแผนและพัฒนาเหมือง | I27: Quarry | J27: 170 | K27: 71 | L27: 57 | M27: 98 | N27: ปกติ | O27: 75 | P27: ระดับน้ำตาลในเลือดปกติ
B28: 20 | C28: 22377-59 | D28: นาย กิตติศักดิ์ อ่วมคง | E28: 22 ส.ค. 2531 | F28: 35 | G28: พนักงานควบคุมเครื่องย่อย | H28: ผลิตหินย่อยและหินก่อสร้าง | I28: Quarry | J28: 248 | K28: 402 | L28: 39 | M28: 128 | N28: ไขมันในเลือดสูง ไขมันดี (HDL) ต่ำ | O28: 86 | P28: ระดับน้ำตาลในเลือดปกติ
B29: 21 | C29: 22436-59 | D29: นาย กิตติ ศิริพันธุ์ | E29: 29 มิ.ย. 2529 | F29: 38 | G29: พนักงานเหมืองแร่ | H29: จัดหาและเตรียมวัตถุดิบ | I29: Quarry | J29: 254 | K29: 479 | L29: 36 | M29: 143 | N29: ไขมันในเลือดสูง ไขมันดี (HDL) ต่ำ | O29: 94 | P29: ระดับน้ำตาลในเลือดปกติ
B30: 22 | C30: 4570-62 | D30: นาย กีรติ ทับทอง | E30: 11 พ.ค. 2531 | F30: 36 | G30: พนักงาน AFR | H30: AFR | I30: Operations | J30: 167 | K30: 91 | L30: 58 | M30: 90 | N30: ปกติ | O30: 85 | P30: ระดับน้ำตาลในเลือดปกติ
B31: 23 | C31: 24218-61 | D31: นาง กุลธิดา เครือสาย | E31: 27 มิ.ย. 2516 | F31: 51 | G31: พนักงานบริการลูกค้า | H31: บริการลูกค้า | I31: Operations | J31: 264 | K31: 103 | L31: 52 | M31: 192 | N31: ไขมันในเลือดสูง | O31: 115 | P31: ระดับน้ำตาลในเลือดสูงกว่าปกติ
B32: 24 | C32: 19923-62 | D32: นาย เกรียงไกร คุณโลก | E32: 14 ธ.ค. 2513 | F32: 53 | G32: #N/A | H32: #N/A | I32: #N/A | J32: 172 | K32: 98 | L32: 64 | M32: 88 | N32: ปกติ | O32: 97 | P32: ระดับน้ำตาลในเลือดปกติ
B33: 25 | C33: 9075-50 | D33: นาย เกรียงไกร เซ่งเซี่ยง | E33: 25 เม.ย. 2527 | F33: 40 | G33: Mechanical Technician | H33: Plant Maintenance | I33: Maintenance Repair Overhaul - STS | J33: 207 | K33: 112 | L33: 65 | M33: 120 | N33: ไขมันคลอเลสเตอรอลสูง | O33: 86 | P33: ระดับน้ำตาลในเลือดปกติ
B34: 26 | C34: 6253-66 | D34: นาย เกรียงไกร ธรรมโกศล | E34: 20 ธ.ค. 2536 | F34: 30 | G34: #N/A | H34: #N/A | I34: #N/A | J34: 177 | K34: 59 | L34: 54 | M34: 111 | N34: ปกติ | O34: 84 | P34: ระดับน้ำตาลในเลือดปกติ
B35: 27 | C35: 19837-62 | D35: นาย เกรียงศักดิ์ ชูดวงจันทร์ | E35: 11 มี.ค. 2526 | F35: 41 | G35: #N/A | H35: #N/A | I35: #N/A | J35: 164 | K35: 68 | L35: 44 | M35: 107 | N35: ปกติ | O35: 95 | P35: ระดับน้ำตาลในเลือดปกติ
B36: 28 | C36: 20003-62 | D36: นาย เกียรติศักดิ์ ทองทิพย์ | E36: 03 ก.ย. 2516 | F36: 50 | G36: #N/A | H36: #N/A | I36: #N/A | J36: 190 | K36: 76 | L36: 62 | M36: 113 | N36: ปกติ | O36: 90 | P36: ระดับน้ำตาลในเลือดปกติ
B37: 29 | C37: 17784-56 | D37: นาย เกียรติศักดิ์ ไสยฉิม | E37: 14 ม.ค. 2520 | F37: 47 | G37: พนักงานควบคุมจักรกลหนัก | H37: วางแผนและพัฒนาเหมือง | I37: Quarry | J37: - | K37: - | L37: - | M37: - | N37: ไม่ได้รับการตรวจ | O37: - | P37: ไม่ได้รับการตรวจ
B38: 30 | C38: 24161-61 | D38: นาย โกมิน บวรศุภศรี | E38: 12 ส.ค. 2537 | F38: 29 | G38: Measurement and Analysis Technician | H38: Measurement and Analysis | I38: Maintenance Repair Overhaul - STS | J38: 174 | K38: 78 | L38: 49 | M38: 109 | N38: ปกติ | O38: 84 | P38: ระดับน้ำตาลในเลือดปกติ
B39: 31 | C39: 7408-51 | D39: นาย โกสินทร์ ศิริปทาวานิช | E39: 03 ต.ค. 2511 | F39: 55 | G39: ผู้ช่วยผู้จัดการตักและขนส่ง | H39: ผลิตหินก่อนย่อย | I39: Quarry | J39: 199 | K39: 85 | L39: 56 | M39: 127 | N39: ปกติ | O39: 95 | P39: ระดับน้ำตาลในเลือดปกติ
B40: 32 | C40: 4362-62 | D40: นาย ไกรศรี ผาสุข | E40: 27 พ.ค. 2515 | F40: 52 | G40: #N/A | H40: #N/A | I40: #N/A | J40: 256 | K40: 142 | L40: 56 | M40: 172 | N40: ไขมันในเลือดสูง | O40: 283 | P40: ระดับน้ำตาลในเลือดสูงกว่าปกติ
B41: 33 | C41: 14885-56 | D41: นาย ไกวัล มวยดี | E41: 02 ก.พ. 2526 | F41: 41 | G41: Measurement and Analysis Technician | H41: Measurement and Analysis | I41: Maintenance Repair Overhaul - STS | J41: 215 | K41: 157 | L41: 46 | M41: 137 | N41: ไขมันในเลือดสูง | O41: 93 | P41: ระดับน้ำตาลในเลือดปกติ
B42: 34 | C42: 4216-61 | D42: นาย ขจรพงศ์ สุวรรณเพ็ชร | E42: 05 เม.ย. 2536 | F42: 31 | G42: พนักงาน Fuel & Export | H42: Fuel and Export | I42: Operations | J42: 223 | K42: 151 | L42: 64 | M42: 129 | N42: ไขมันในเลือดสูง | O42: 89 | P42: ระดับน้ำตาลในเลือดปกติ
B43: 35 | C43: 11762-64 | D43: น.ส. ขวัญวดี อามิตย์ | E43: 13 พ.ย. 2531 | F43: 35 | G43: #N/A | H43: #N/A | I43: #N/A | J43: 180 | K43: 104 | L43: 49 | M43: 111 | N43: ไขมันดี (HDL) ต่ำ | O43: 82 | P43: ระดับน้ำตาลในเลือดปกติ
B44: 36 | C44: 25972-60 | D44: นาย คงศักย์ มูลจันทะ | E44: 06 ก.พ. 2510 | F44: 57 | G44: #N/A | H44: #N/A | I44: #N/A | J44: 208 | K44: 241 | L44: 61 | M44: 98 | N44: ไขมันในเลือดสูง | O44: 112 | P44: ระดับน้ำตาลในเลือดสูงกว่าปกติ
B45: 37 | C45: 13651-51 | D45: นาย คณากร สังข์ทอง | E45: 27 ส.ค. 2530 | F45: 36 | G45: Electrical Technician | H45: Plant Maintenance | I45: Maintenance Repair Overhaul - STS | J45: - | K45: - | L45: - | M45: - | N45: ไม่ได้รับการตรวจ | O45: - | P45: ไม่ได้รับการตรวจ
B46: 38 | C46: 7424-54 | D46: นาย คมกฤช รัตนกุล | E46: 07 มี.ค. 2531 | F46: 36 | G46: Electrical Technician | H46: Plant Maintenance | I46: Maintenance Repair Overhaul - STS | J46: 251 | K46: 208 | L46: 42 | M46: 167 | N46: ไขมันในเลือดสูง | O46: 88 | P46: ระดับน้ำตาลในเลือดปกติ
B47: 39 | C47: 14172-57 | D47: นาย คมสัน ปัญจะเภรี | E47: 16 มิ.ย. 2528 | F47: 39 | G47: Electrical Technician | H47: Plant Maintenance | I47: Maintenance Repair Overhaul - STS | J47: 206 | K47: 78 | L47: 77 | M47: 114 | N47: ไขมันคลอเลสเตอรอลสูง | O47: 82 | P47: ระดับน้ำตาลในเลือดปกติ
B48: 40 | C48: 19810-62 | D48: นาย คำรณ ครองรักษ์ | E48: 27 มิ.ย. 2531 | F48: 36 | G48: พนักงานผลิตปูนเม็ด | H48: ผลิตปูนเม็ด TS5 | I48: Operations | J48: 264 | K48: 80 | L48: 83 | M48: 165 | N48: ไขมันในเลือดสูง | O48: 81 | P48: ระดับน้ำตาลในเลือดปกติ
B49: 41 | C49: 19786-62 | D49: นาย จตุพล รัตนะ | E49: 11 ส.ค. 2534 | F49: 32 | G49: พนักงาน Biomass | H49: Biomass | I49: Operations | J49: 191 | K49: 158 | L49: 47 | M49: 112 | N49: ไขมันไตรกลีเซอไรด์สูง | O49: 85 | P49: ระดับน้ำตาลในเลือดปกติ
B50: 42 | C50: 19825-62 | D50: นาย จตุรงค์ ทองสีอ่อน | E50: 15 มิ.ย. 2536 | F50: 31 | G50: Maintenance Overhaul and Consultancy Technician - Mechanical | H50: Maintenance Overhaul and Consultancy - Mechanical | I50: Maintenance Repair Overhaul - STS | J50: 162 | K50: 75 | L50: 63 | M50: 84 | N50: ปกติ | O50: 79 | P50: ระดับน้ำตาลในเลือดปกติ
B51: 43 | C51: 20002-62 | D51: นาย จตุรงค์ เลขาวิจิตร์ | E51: 02 ก.พ. 2520 | F51: 47 | G51: Electrical Technician | H51: Plant Maintenance | I51: Maintenance Repair Overhaul - STS | J51: 194 | K51: 253 | L51: 43 | M51: 101 | N51: ไขมันไตรกลีเซอไรด์สูง | O51: 91 | P51: ระดับน้ำตาลในเลือดปกติ
B52: 44 | C52: 9073-50 | D52: นาย จตุรงค์ แอ้นไธสง | E52: 14 ส.ค. 2527 | F52: 39 | G52: พนักงานควบคุมจักรกลหนัก | H52: ผลิตหินก่อนย่อย | I52: Quarry | J52: 172 | K52: 68 | L52: 96 | M52: 62 | N52: ปกติ | O52: 98 | P52: ระดับน้ำตาลในเลือดปกติ
B53: 45 | C53: 5766-54 | D53: นาย จราวุฒิ มูณีรัตน์ | E53: 27 มี.ค. 2520 | F53: 47 | G53: ผู้ช่วยผู้จัดการประกันคุณภาพ | H53: ส่งเสริมการผลิต | I53: Operations | J53: 210 | K53: 79 | L53: 67 | M53: 126 | N53: ไขมันคลอเลสเตอรอลสูง | O53: 81 | P53: ระดับน้ำตาลในเลือดปกติ
B54: 46 | C54: 19797-62 | D54: นาย จเร บัวอนนท์ | E54: 08 ก.ค. 2535 | F54: 32 | G54: Maintenance Overhaul and Consultancy Technician - Electrical | H54: Maintenance Overhaul and Consultancy - Electrical | I54: Maintenance Repair Overhaul - STS | J54: 234 | K54: 80 | L54: 56 | M54: 162 | N54: ไขมันในเลือดสูง | O54: 82 | P54: ระดับน้ำตาลในเลือดปกติ
B55: 47 | C55: 22429-59 | D55: นาย จักรกฤษณ์ ฤทธิ์ศรี | E55: 07 เม.ย. 2536 | F55: 31 | G55: พนักงานซ่อมบำรุงจักรกลหนัก | H55: ซ่อมบำรุงจักรกลหนัก | I55: Quarry | J55: 185 | K55: 102 | L55: 59 | M55: 106 | N55: ปกติ | O55: 91 | P55: ระดับน้ำตาลในเลือดปกติ
B56: 48 | C56: 20021-62 | D56: นาย จักรกฤษ์ มณีฉาย | E56: 17 ส.ค. 2536 | F56: 30 | G56: พนักงานผลิตไฟฟ้า | H56: Waste Heat Generator STS | I56: Operations | J56: 203 | K56: 146 | L56: 39 | M56: 135 | N56: ไขมันในเลือดสูง ไขมันดี (HDL) ต่ำ | O56: 95 | P56: ระดับน้ำตาลในเลือดปกติ
... B66: 58 | C66: 16107-59 | D66: นาย จิระวุฒิ พรหมนิมิตร์ | E66: 21 เม.ย. 2528 | F66: 39 | G66: พนักงานผลิตปูนเม็ด | H66: ผลิตปูนเม็ด TS5 | I66: Operations | J66: 218 | K66: 131 | L66: 44 | M66: 148 | N66: ไขมันในเลือดสูง | O66: 101 | P66: ระดับน้ำตาลในเลือดสูงกว่าปกติ
B67: 59 | C67: 3157-54 | D67: นาย จิระศักดิ์ ธรรมศิลา | E67: 21 พ.ค. 2526 | F67: 41 | G67: #N/A | H67: #N/A | I67: #N/A | J67: 251 | K67: 418 | L67: 39 | M67: 129 | N67: ไขมันในเลือดสูง ไขมันดี (HDL) ต่ำ | O67: 86 | P67: ระดับน้ำตาลในเลือดปกติ
B68: 60 | C68: 978-56 | D68: นาย จิระศักดิ์ พรมแก้ว | E68: 08 มิ.ย. 2520 | F68: 47 | G68: พนักงานบรรจุและจ่ายซีเมนต์ | H68: บรรจุและจ่ายซีเมนต์ | I68: Operations | J68: 324 | K68: 200 | L68: 71 | M68: 199 | N68: ไขมันในเลือดสูง | O68: 88 | P68: ระดับน้ำตาลในเลือดปกติ
B69: 61 | C69: 2723-53 | D69: นาย จิระศักดิ์ ไพริน | E69: 08 มี.ค. 2519 | F69: 48 | G69: ผู้ช่วยผู้จัดการ Fuel & Export | H69: Fuel and Export | I69: Operations | J69: 240 | K69: 88 | L69: 63 | M69: 159 | N69: ไขมันในเลือดสูง | O69: 94 | P69: ระดับน้ำตาลในเลือดปกติ
B70: 62 | C70: 18306-58 | D70: น.ส. จีรนันท์ วงศ์สวัสดิ์ | E70: 04 ธ.ค. 2523 | F70: 43 | G70: BSE Operation Officer-STS | H70: BSE Operation - STS | I70: BSE Operation - STS | J70: 237 | K70: 114 | L70: 76 | M70: 138 | N70: ไขมันในเลือดสูง | O70: 79 | P70: ระดับน้ำตาลในเลือดปกติ
B71: 63 | C71: 2820-57 | D71: นาย จีรพงษ์ แซ่ลิ้ม | E71: 07 เม.ย. 2534 | F71: 33 | G71: พนักงานควบคุมจักรกลหนัก | H71: ผลิตหินก่อนย่อย | I71: Quarry | J71: 266 | K71: 181 | L71: 76 | M71: 154 | N71: ไขมันในเลือดสูง | O71: 85 | P71: ระดับน้ำตาลในเลือดปกติ
B72: 64 | C72: 19987-62 | D72: นาย จีรศักดิ์ คงบุรี | E72: 30 ม.ค. 2516 | F72: 51 | G72: #N/A | H72: #N/A | I72: #N/A | J72: 203 | K72: 123 | L72: 63 | M72: 116 | N72: ไขมันคลอเลสเตอรอลสูง | O72: 148 | P72: ระดับน้ำตาลในเลือดสูงกว่าปกติ
B73: 65 | C73: 6607-49 | D73: นาย จีรศักดิ์ เจริญพงศ์ | E73: 04 มิ.ย. 2524 | F73: 43 | G73: Customer Value Creation Staff | H73: Customer Value Creation | I73: Total Services and Solutions | J73: 246 | K73: 229 | L73: 43 | M73: 157 | N73: ไขมันในเลือดสูง | O73: 137 | P73: ระดับน้ำตาลในเลือดสูงกว่าปกติ
B74: 66 | C74: 4392-62 | D74: นาย จีระพจน์ ทองเลี่ยมนาค | E74: 27 มี.ค. 2514 | F74: 53 | G74: #N/A | H74: #N/A | I74: #N/A | J74: - | K74: - | L74: - | M74: - | N74: ไม่ได้รับการตรวจ | O74: - | P74: ไม่ได้รับการตรวจ
B75: 67 | C75: 2082-57 | D75: นาง จุฑารัตน์ คงศิริ | E75: 17 เม.ย. 2532 | F75: 35 | G75: พนักงานบริการลูกค้า | H75: บริการลูกค้า | I75: Operations | J75: 147 | K75: 56 | L75: 56 | M75: 81 | N75: ปกติ | O75: 95 | P75: ระดับน้ำตาลในเลือดปกติ
B76: 68 | C76: 26666-48 | D76: นาย เจตร กัญจนกาญจน์ | E76: 04 พ.ย. 2519 | F76: 47 | G76: Measurement and Analysis Supervisor | H76: Measurement and Analysis | I76: Maintenance Repair Overhaul - STS | J76: 199 | K76: 157 | L76: 50 | M76: 118 | N76: ไขมันไตรกลีเซอไรด์สูง | O76: 93 | P76: ระดับน้ำตาลในเลือดปกติ
B77: 69 | C77: 24631-61 | D77: นาย เจริญชัย สุนทรา | E77: 21 ก.พ. 2528 | F77: 39 | G77: Maintenance Overhaul and Consultancy Technician - Electrical | H77: Maintenance Overhaul and Consultancy - Electrical | I77: Maintenance Repair Overhaul - STS | J77: 187 | K77: 245 | L77: 37 | M77: 101 | N77: ไขมันไตรกลีเซอไรด์สูง ไขมันดี (HDL) ต่ำ | O77: 97 | P77: ระดับน้ำตาลในเลือดปกติ
B78: 70 | C78: 13250-48 | D78: นาย เจริญศักดิ์ เหลืองอุ่มพล | E78: 13 ก.ย. 2518 | F78: 48 | G78: Engineering Workshop - Mechanical Technician | H78: Maintenance Workshop Service | I78: Maintenance Workshop Service | J78: - | K78: - | L78: - | M78: - | N78: ไม่ได้รับการตรวจ | O78: - | P78: ไม่ได้รับการตรวจ
B79: 71 | C79: 24630-61 | D79: นาย เจษฎา รัตนานุกูล | E79: 30 พ.ค. 2536 | F79: 31 | G79: พนักงานผลิตซีเมนต์ | H79: ผลิตซีเมนต์ | I79: Operations | J79: 208 | K79: 134 | L79: 43 | M79: 139 | N79: ไขมันในเลือดสูง | O79: 84 | P79: ระดับน้ำตาลในเลือดปกติ
B80: 72 | C80: 19843-62 | D80: นาย ฉัตรชัย แขกเทพ | E80: 25 ส.ค. 2531 | F80: 35 | G80: พนักงานผลิตถุงกระดาษ | H80: ผลิตถุงกระดาษ | I80: Operations | J80: 256 | K80: 104 | L80: 62 | M80: 173 | N80: ไขมันในเลือดสูง | O80: 97 | P80: ระดับน้ำตาลในเลือดปกติ
B81: 73 | C81: 17349-46 | D81: นาย ฉัตรชัย ตันติพุฒิกุล | E81: 10 ก.ย. 2511 | F81: 55 | G81: Assistant Manager | H81: Supply Chain and Logistic Management | I81: Supply Chain and Logistic Management | J81: 181 | K81: 113 | L81: 57 | M81: 100 | N81: ปกติ | O81: 95 | P81: ระดับน้ำตาลในเลือดปกติ
B82: 74 | C82: 23901-61 | D82: นาย ฉัตรชัย แผ้วพาล | E82: 18 ก.ค. 2532 | F82: 35 | G82: Mechanical Technician | H82: Plant Maintenance | I82: Maintenance Repair Overhaul - STS | J82: 126 | K82: 201 | L82: 28 | M82: 58 | N82: ไขมันไตรกลีเซอไรด์สูง ไขมันดี (HDL) ต่ำ | O82: 93 | P82: ระดับน้ำตาลในเลือดปกติ
B83: 75 | C83: 5029-66 | D83: นาย ฉัตริน ดิษฐวิทย์ | E83: 08 พ.ย. 2531 | F83: 35 | G83: #N/A | H83: #N/A | I83: #N/A | J83: 289 | K83: 199 | L83: 49 | M83: 199 | N83: ไขมันในเลือดสูง | O83: 106 | P83: ระดับน้ำตาลในเลือดสูงกว่าปกติ
B84: 76 | C84: 902-54 | D84: นาย เฉลิมชัย ตะหมัง | E84: 04 ธ.ค. 2531 | F84: 35 | G84: พนักงานซ่อมบำรุงจักรกลหนัก | H84: ซ่อมบำรุงจักรกลหนัก | I84: Quarry | J84: 218 | K84: 152 | L84: 43 | M84: 145 | N84: ไขมันในเลือดสูง | O84: 84 | P84: ระดับน้ำตาลในเลือดปกติ
B85: 77 | C85: 6211-66 | D85: นาย เฉลิมชัย นาฉิม | E85: 03 ก.ย. 2534 | F85: 32 | G85: #N/A | H85: #N/A | I85: #N/A | J85: 156 | K85: 51 | L85: 77 | M85: 69 | N85: ปกติ | O85: 87 | P85: ระดับน้ำตาลในเลือดปกติ
B86: 78 | C86: 9939-54 | D86: นาย เฉลิมชัย รงค์ฤทธิ์ไชย | E86: 05 ธ.ค. 2515 | F86: 51 | G86: ผู้ช่วยผู้จัดการตักและขนส่ง | H86: ผลิตหินก่อนย่อย | I86: Quarry | J86: 171 | K86: 139 | L86: 61 | M86: 83 | N86: ปกติ | O86: 97 | P86: ระดับน้ำตาลในเลือดปกติ
B87: 79 | C87: 19838-62 | D87: นาย ชัชลัญ แสงจันทร์ | E87: 04 พ.ค. 2532 | F87: 35 | G87: Mechanical Technician | H87: Plant Maintenance | I87: Maintenance Repair Overhaul - STS | J87: 183 | K87: 75 | L87: 64 | M87: 104 | N87: ปกติ | O87: 85 | P87: ระดับน้ำตาลในเลือดปกติ
B88: 80 | C88: 18500-50 | D88: นาย ชัยภัทร ปิยะเกศกุล | E88: 11 ก.ค. 2519 | F88: 48 | G88: พนักงานซ่อมบำรุงจักรกลหนัก | H88: ซ่อมบำรุงจักรกลหนัก | I88: Quarry | J88: 195 | K88: 144 | L88: 41 | M88: 125 | N88: ปกติ | O88: 109 | P88: ระดับน้ำตาลในเลือดสูงกว่าปกติ
B89: 81 | C89: 6107-66 | D89: นาย ชัยยันต์ สอาดม่วง | E89: 21 ส.ค. 2516 | F89: 50 | G89: #N/A | H89: #N/A | I89: #N/A | J89: 244 | K89: 363 | L89: 51 | M89: 121 | N89: ไขมันในเลือดสูง | O89: 98 | P89: ระดับน้ำตาลในเลือดปกติ
B90: 82 | C90: 11766-64 | D90: นาย ชัยยุทธ ไพฑูรย์ | E90: 30 เม.ย. 2511 | F90: 56 | G90: #N/A | H90: #N/A | I90: #N/A | J90: 182 | K90: 65 | L90: 97 | M90: 73 | N90: ปกติ | O90: 77 | P90: ระดับน้ำตาลในเลือดปกติ
B91: 83 | C91: 22404-59 | D91: นาย ชาคร จิระแพทย์ | E91: 14 มิ.ย. 2535 | F91: 32 | G91: พนักงานควบคุมจักรกลหนัก | H91: ผลิตหินก่อนย่อย | I91: Quarry | J91: 229 | K91: 91 | L91: 58 | M91: 153 | N91: ไขมันในเลือดสูง | O91: 97 | P91: ระดับน้ำตาลในเลือดปกติ
B92: 84 | C92: 7624-60 | D92: นาย ชาญณรงค์ เกิดขุมทอง | E92: 18 ม.ค. 2528 | F92: 39 | G92: #N/A | H92: #N/A | I92: #N/A | J92: 189 | K92: 178 | L92: 48 | M92: 106 | N92: ไขมันไตรกลีเซอไรด์สูง | O92: 92 | P92: ระดับน้ำตาลในเลือดปกติ
B93: 85 | C93: 18387-52 | D93: นาย ชาญยุทธ แก้วใจจง | E93: 04 ต.ค. 2528 | F93: 38 | G93: พนักงานผลิตปูนเม็ด | H93: ผลิตปูนเม็ด TS4 | I93: Operations | J93: 181 | K93: 153 | L93: 40 | M93: 111 | N93: ไขมันไตรกลีเซอไรด์สูง ไขมันดี (HDL) ต่ำ | O93: 79 | P93: ระดับน้ำตาลในเลือดปกติ
B94: 86 | C94: 19926-62 | D94: นาย ชาตรี ทองนาค | E94: 08 มิ.ย. 2515 | F94: 52 | G94: Technical and Maintenance Planning Manager | H94: Plant Maintenance | I94: Maintenance Repair Overhaul - STS | J94: 269 | K94: 317 | L94: 63 | M94: 143 | N94: ไขมันในเลือดสูง | O94: 109 | P94: ระดับน้ำตาลในเลือดสูงกว่าปกติ
B95: 87 | C95: 6990-67 | D95: นาย ชานน อติวีระกุล | E95: 28 เม.ย. 2536 | F95: 31 | G95: #N/A | H95: #N/A | I95: #N/A | J95: 238 | K95: 83 | L95: 102 | M95: 120 | N95: ไขมันคลอเลสเตอรอลสูง | O95: 80 | P95: ระดับน้ำตาลในเลือดปกติ
B96: 88 | C96: 20869-48 | D96: นาย ชำนาญ โชคไพศาล | E96: 11 ก.ย. 2523 | F96: 43 | G96: Electrical Technician | H96: Plant Maintenance | I96: Maintenance Repair Overhaul - STS | J96: 208 | K96: 195 | L96: 54 | M96: 115 | N96: ไขมันในเลือดสูง | O96: 86 | P96: ระดับน้ำตาลในเลือดปกติ
B97: 89 | C97: 14118-58 | D97: นาย เชาวรัตน์ บุญตั้ง | E97: 26 ก.ค. 2520 | F97: 46 | G97: พนักงานควบคุมจักรกลหนัก | H97: ผลิตหินก่อนย่อย | I97: Quarry | J97: 174 | K97: 72 | L97: 54 | M97: 105 | N97: ปกติ | O97: 85 | P97: ระดับน้ำตาลในเลือดปกติ
B98: 90 | C98: 4333-62 | D98: นาย โชคชัย ขบวนสาร | E98: 14 ม.ค. 2532 | F98: 35 | G98: #N/A | H98: #N/A | I98: #N/A | J98: 212 | K98: 127 | L98: 61 | M98: 126 | N98: ไขมันคลอเลสเตอรอลสูง | O98: 96 | P98: ระดับน้ำตาลในเลือดปกติ
B99: 91 | C99: 14180-60 | D99: นาย โชคชัย พิทักษ์บุตร | E99: 16 มี.ค. 2535 | F99: 32 | G99: พนักงาน Biomass - จัดหา | H99: Biomass | I99: Operations | J99: 250 | K99: 181 | L99: 54 | M99: 160 | N99: ไขมันในเลือดสูง | O99: 109 | P99: ระดับน้ำตาลในเลือดสูงกว่าปกติ
B100: 92 | C100: 16942-59 | D100: นาย ไชยยงค์ ชูชาติ | E100: 05 พ.ค. 2534 | F100: 33 | G100: พนักงานผลิตไฟฟ้า | H100: Waste Heat Generator STS | I100: Operations | J100: 191 | K100: 289 | L100: 50 | M100: 83 | N100: ไขมันไตรกลีเซอไรด์สูง | O100: 91 | P100: ระดับน้ำตาลในเลือดปกติ
B101: 93 | C101: 24501-61 | D101: นาย ไชยวัฒน์ พุทธวงศ์ | E101: 06 ก.ค. 2535 | F101: 32 | G101: Electrical Technician | H101: Plant Maintenance | I101: Maintenance Repair Overhaul - STS | J101: 216 | K101: 294 | L101: 45 | M101: 115 | N101: ไขมันในเลือดสูง | O101: 87 | P101: ระดับน้ำตาลในเลือดปกติ
B102: 94 | C102: 6609-49 | D102: นาย ญาณพงศ์ ตู้เซ่ง | E102: 04 ต.ค. 2528 | F102: 38 | G102: Measurement and Analysis Technician | H102: Measurement and Analysis | I102: Maintenance Repair Overhaul - STS | J102: 247 | K102: 523 | L102: 45 | M102: 98 | N102: ไขมันในเลือดสูง | O102: 87 | P102: ระดับน้ำตาลในเลือดปกติ
B103: 95 | C103: 13955-43 | D103: นาย ณฐพงศ์ หมื่นละม้าย | E103: 21 พ.ค. 2516 | F103: 51 | G103: พนักงานบรรจุและจ่ายซีเมนต์ | H103: บรรจุและจ่ายซีเมนต์ | I103: Operations | J103: 194 | K103: 107 | L103: 39 | M103: 134 | N103: ไขมันตัวร้าย (LDL) สูง ไขมันดี (HDL) ต่ำ | O103: 199 | P103: ระดับน้ำตาลในเลือดสูงกว่าปกติ
B104: 96 | C104: 4527-62 | D104: นาย ณรงค์ พลกูล | E104: 27 ก.พ. 2519 | F104: 48 | G104: Customer Value Creation Staff | H104: Customer Value Creation | I104: Total Services and Solutions | J104: 246 | K104: 202 | L104: 59 | M104: 146 | N104: ไขมันในเลือดสูง | O104: 87 | P104: ระดับน้ำตาลในเลือดปกติ
B105: 97 | C105: 24295-61 | D105: นาย ณรงค์ ลาภจุติ | E105: 29 พ.ค. 2518 | F105: 49 | G105: พนักงานผลิตปูนเม็ด | H105: ผลิตปูนเม็ด TS4 | I105: Operations | J105: 229 | K105: 94 | L105: 94 | M105: 117 | N105: ไขมันคลอเลสเตอรอลสูง | O105: 81 | P105: ระดับน้ำตาลในเลือดปกติ
B106: 98 | C106: 777-58 | D106: นาย ณรงค์ ศรีอนุรักษ์ | E106: 03 ต.ค. 2520 | F106: 46 | G106: พนักงานบัญชีจ่าย | H106: ผลิตถุงกระดาษ | I106: Operations | J106: 258 | K106: 217 | L106: 45 | M106: 170 | N106: ไขมันในเลือดสูง | O106: 95 | P106: ระดับน้ำตาลในเลือดปกติ
B107: 99 | C107: 21456-49 | D107: นาย ณัฏฐวัฒน์ กิจเยาวสงค์ | E107: 09 มิ.ย. 2513 | F107: 54 | G107: Assistant Manager Customer Value Creation | H107: Customer Value Creation | I107: Total Services and Solutions | J107: 168 | K107: 119 | L107: 62 | M107: 83 | N107: ปกติ | O107: 88 | P107: ระดับน้ำตาลในเลือดปกติ
B108: 100 | C108: 2696-49 | D108: นาย ณัฐกิจ แดงสิน | E108: 12 ธ.ค. 2519 | F108: 47 | G108: นักบัญชี | H108: CAD | I108: CAD | J108: 213 | K108: 104 | L108: 53 | M108: 139 | N108: ไขมันในเลือดสูง | O108: 89 | P108: ระดับน้ำตาลในเลือดปกติ
B109: 101 | C109: 20186-62 | D109: นาย ณัฐชนน สาธุวงค์ | E109: 17 ส.ค. 2537 | F109: 29 | G109: #N/A | H109: #N/A | I109: #N/A | J109: 182 | K109: 272 | L109: 36 | M109: 91 | N109: ไขมันไตรกลีเซอไรด์สูง ไขมันดี (HDL) ต่ำ | O109: 82 | P109: ระดับน้ำตาลในเลือดปกติ
B110: 102 | C110: 8720-61 | D110: นาย ณัฐพงศ์ กรรเชียง | E110: 05 เม.ย. 2535 | F110: 32 | G110: Maintenance Overhaul and Consultancy Technician - Electrical | H110: Maintenance Overhaul and Consultancy - Electrical | I110: Maintenance Repair Overhaul - STS | J110: 266 | K110: 204 | L110: 65 | M110: 160 | N110: ไขมันในเลือดสูง | O110: 88 | P110: ระดับน้ำตาลในเลือดปกติ
...

Sheet การทำงานของตับ
B1: ผลการตรวจเอนไซม์ตับ เพื่อดูภาวะตับอักเสบ (SGPT,SGOT)
B3: No | C3: HN | D3: ชื่อ - สกุล | E3: วัน/เดือน/ปีเกิด | F3: อายุ | G3: ตำแหน่งงาน | H3: หน่วยงาน | I3: ส่วน (สำหรับพนักงาน) | J3: การทำงานของตับ (SGOT) | K3: การทำงานของตับ (SGPT) | L3: การทำงานของตับ (ALKP) | M3: สรุปผลการตรวจ
J5: ช ค่าปกติ 15-46 , ญ ค่าปกติ 15-46 | K5: ช ค่าปกติ <50 , ญ ค่าปกติ <35 | L5: ค่าปกติ 38-126
B6: 1 | C6: 14471-58 | D6: นาง กมลทิพย์ ขบวนสาร | E6: 07 มิ.ย. 2527 | F6: 40 | G6: พนักงานธุรการ | H6: Operations | I6: Operations | J6: - | K6: - | L6: - | M6: ไม่ได้รับการตรวจ | O6: การทำงานของตับ
B7: 2 | C7: 165-57 | D7: นาย กรณัฐพงษ์ เรืองระพีพรรณ | E7: 04 เม.ย. 2533 | F7: 34 | G7: #N/A | H7: #N/A | I7: #N/A | J7: 24 | K7: 32 | L7: 76 | M7: ปกติ | O7: ปกติ | P7: 327
B8: 3 | C8: 9043-49 | D8: น.ส. กฤติกา หมัดโส๊ะ | E8: 01 ม.ค. 2528 | F8: 39 | G8: พนักงานเทคโนโลยีสารสนเทศ | H8: เทคโนโลยีสารสนเทศ | I8: MD Office | J8: - | K8: - | L8: - | M8: ไม่ได้รับการตรวจ | O8: ผิดปกติ | P8: 92
B9: 4 | C9: 5101-50 | D9: นาย กฤษฎากรณ์ เดชะราช | E9: 18 มิ.ย. 2515 | F9: 52 | G9: Technical and Maintenance Planning Manager | H9: Plant Maintenance | I9: Maintenance Repair Overhaul - STS | J9: - | K9: - | L9: - | M9: ไม่ได้รับการตรวจ | O9: รวม | P9: 419
B10: 5 | C10: 13350-56 | D10: นาย กฤษณรักษ์ รัตนะ | E10: 12 พ.ย. 2530 | F10: 36 | G10: พนักงานซ่อมบำรุงจักรกลหนัก | H10: ซ่อมบำรุงจักรกลหนัก | I10: Quarry | J10: 45 | K10: 73 | L10: 72 | M10: ผิดปกติ
B11: 6 | C11: 20669-60 | D11: นาย กฤษดา หนูหอ | E11: 25 เม.ย. 2520 | F11: 47 | G11: Maintenance Overhaul and Consultancy Technician - Electrical | H11: Maintenance Overhaul and Consultancy - Electrical | I11: Maintenance Repair Overhaul - STS | J11: 37 | K11: 23 | L11: 102 | M11: ปกติ
B12: 7 | C12: 20050-65 | D12: นาย กวิศ แซ่ตั้ง | E12: 01 ม.ค. 2535 | F12: 32 | G12: #N/A | H12: #N/A | I12: #N/A | J12: 26 | K12: 35 | L12: 60 | M12: ปกติ
B13: 8 | C13: 11980-47 | D13: นาย ก้องทัย คุณโลก | E13: 17 มี.ค. 2512 | F13: 55 | G13: Mechanical Maintenance Manager – Clinker | H13: Plant Maintenance | I13: Maintenance Repair Overhaul - STS | J13: 36 | K13: 61 | L13: 67 | M13: ผิดปกติ
B14: 9 | C14: 443-50 | D14: นาย กัญจน์ภัสสรณ์ พรหมแสง | E14: 05 มิ.ย. 2519 | F14: 48 | G14: #N/A | H14: #N/A | I14: #N/A | J14: 30 | K14: 40 | L14: 45 | M14: ปกติ
B15: 10 | C15: 19597-49 | D15: น.ส. กัญธนัช ศรีโยธา | E15: 14 ต.ค. 2528 | F15: 38 | G15: BSE Assistant Manager-South Chain | H15: BSE South Chain | I15: BSE South Chain | J15: - | K15: - | L15: - | M15: ไม่ได้รับการตรวจ
B16: 11 | C16: 24355-61 | D16: นาง กาญจนา ลีลารุจนกุล | E16: 13 ต.ค. 2535 | F16: 31 | G16: BSE Operation Officer-STS | H16: BSE Operation - STS | I16: BSE Operation - STS | J16: - | K16: - | L16: - | M16: ไม่ได้รับการตรวจ
B17: 12 | C17: 11655-54 | D17: นาย ก้าน สิทธิวงศ์ | E17: 28 ก.ค. 2525 | F17: 41 | G17: พนักงานผลิตถุงกระดาษ | H17: ผลิตถุงกระดาษ | I17: Operations | J17: 27 | K17: 28 | L17: 58 | M17: ปกติ
B18: 13 | C18: 4482-62 | D18: นาย กิตตินันท์ จันทกูล | E18: 27 ก.ย. 2534 | F18: 32 | G18: Mechanical Technician | H18: Plant Maintenance | I18: Maintenance Repair Overhaul - STS | J18: 35 | K18: 77 | L18: 93 | M18: ผิดปกติ
B19: 14 | C19: 16852-60 | D19: นาย กิตติพงศ์ ไพชำนาญ | E19: 04 มี.ค. 2535 | F19: 32 | G19: Engineer | H19: Maintenance Repair Overhaul - STS | I19: Maintenance Repair Overhaul - STS | J19: 26 | K19: 19 | L19: 79 | M19: ปกติ
B20: 15 | C20: 22376-59 | D20: นาย กิตติพงศ์ สหกโร | E20: 30 เม.ย. 2530 | F20: 37 | G20: พนักงานควบคุมเครื่องย่อย | H20: ผลิตหินย่อยและหินก่อสร้าง | I20: Quarry | J20: 51 | K20: 85 | L20: 63 | M20: ผิดปกติ
B21: 16 | C21: 3969-43 | D21: นาย กิตติพงษ์ คงปลอด | E21: 02 ก.พ. 2520 | F21: 47 | G21: Mechanical Technician | H21: Plant Maintenance | I21: Maintenance Repair Overhaul - STS | J21: 23 | K21: 19 | L21: 82 | M21: ปกติ
B22: 17 | C22: 6256-66 | D22: นาย กิตติพงษ์ ดอกไม้ทอง | E22: 27 ก.ค. 2541 | F22: 25 | G22: #N/A | H22: #N/A | I22: #N/A | J22: 23 | K22: 24 | L22: 72 | M22: ปกติ
B23: 18 | C23: 24617-61 | D23: นาย กิตติพงษ์ ทองมี | E23: 20 เม.ย. 2535 | F23: 32 | G23: #N/A | H23: #N/A | I23: #N/A | J23: 22 | K23: 16 | L23: 63 | M23: ปกติ
B24: 19 | C24: 22368-59 | D24: นาย กิตติศักดิ์ ช้างกลาง | E24: 14 ก.พ. 2535 | F24: 32 | G24: พนักงานควบคุมจักรกลหนัก | H24: วางแผนและพัฒนาเหมือง | I24: Quarry | J24: 26 | K24: 12 | L24: 62 | M24: ปกติ
B25: 20 | C25: 22377-59 | D25: นาย กิตติศักดิ์ อ่วมคง | E25: 22 ส.ค. 2531 | F25: 35 | G25: พนักงานควบคุมเครื่องย่อย | H25: ผลิตหินย่อยและหินก่อสร้าง | I25: Quarry | J25: 26 | K25: 25 | L25: 80 | M25: ปกติ
B26: 21 | C26: 22436-59 | D26: นาย กิตติ ศิริพันธุ์ | E26: 29 มิ.ย. 2529 | F26: 38 | G26: พนักงานเหมืองแร่ | H26: จัดหาและเตรียมวัตถุดิบ | I26: Quarry | J26: 34 | K26: 34 | L26: 72 | M26: ปกติ
B27: 22 | C27: 4570-62 | D27: นาย กีรติ ทับทอง | E27: 11 พ.ค. 2531 | F27: 36 | G27: พนักงาน AFR | H27: AFR | I27: Operations | J27: 18 | K27: 14 | L27: 106 | M27: ปกติ
B28: 23 | C28: 24218-61 | D28: นาง กุลธิดา เครือสาย | E28: 27 มิ.ย. 2516 | F28: 51 | G28: พนักงานบริการลูกค้า | H28: บริการลูกค้า | I28: Operations | J28: 26 | K28: 37 | L28: - | M28: ผิดปกติ
B29: 24 | C29: 19923-62 | D29: นาย เกรียงไกร คุณโลก | E29: 14 ธ.ค. 2513 | F29: 53 | G29: #N/A | H29: #N/A | I29: #N/A | J29: 38 | K29: 42 | L29: 66 | M29: ปกติ
B30: 25 | C30: 9075-50 | D30: นาย เกรียงไกร เซ่งเซี่ยง | E30: 25 เม.ย. 2527 | F30: 40 | G30: Mechanical Technician | H30: Plant Maintenance | I30: Maintenance Repair Overhaul - STS | J30: 24 | K30: 20 | L30: 72 | M30: ปกติ
B31: 26 | C31: 6253-66 | D31: นาย เกรียงไกร ธรรมโกศล | E31: 20 ธ.ค. 2536 | F31: 30 | G31: #N/A | H31: #N/A | I31: #N/A | J31: 20 | K31: 20 | L31: 74 | M31: ปกติ
B32: 27 | C32: 19837-62 | D32: นาย เกรียงศักดิ์ ชูดวงจันทร์ | E32: 11 มี.ค. 2526 | F32: 41 | G32: #N/A | H32: #N/A | I32: #N/A | J32: 21 | K32: 13 | L32: 99 | M32: ปกติ
B33: 28 | C33: 20003-62 | D33: นาย เกียรติศักดิ์ ทองทิพย์ | E33: 03 ก.ย. 2516 | F33: 50 | G33: #N/A | H33: #N/A | I33: #N/A | J33: 35 | K33: 13 | L33: 64 | M33: ปกติ
B34: 29 | C34: 17784-56 | D34: นาย เกียรติศักดิ์ ไสยฉิม | E34: 14 ม.ค. 2520 | F34: 47 | G34: พนักงานควบคุมจักรกลหนัก | H34: วางแผนและพัฒนาเหมือง | I34: Quarry | J34: - | K34: - | L34: - | M34: ไม่ได้รับการตรวจ
B35: 30 | C35: 24161-61 | D35: นาย โกมิน บวรศุภศรี | E35: 12 ส.ค. 2537 | F35: 29 | G35: Measurement and Analysis Technician | H35: Measurement and Analysis | I35: Maintenance Repair Overhaul - STS | J35: 29 | K35: 37 | L35: 56 | M35: ปกติ
B36: 31 | C36: 7408-51 | D36: นาย โกสินทร์ ศิริปทาวานิช | E36: 03 ต.ค. 2511 | F36: 55 | G36: ผู้ช่วยผู้จัดการตักและขนส่ง | H36: ผลิตหินก่อนย่อย | I36: Quarry | J36: - | K36: - | L36: - | M36: ไม่ได้รับการตรวจ
B37: 32 | C37: 4362-62 | D37: นาย ไกรศรี ผาสุข | E37: 27 พ.ค. 2515 | F37: 52 | G37: #N/A | H37: #N/A | I37: #N/A | J37: 21 | K37: 44 | L37: 66 | M37: ปกติ
B38: 33 | C38: 14885-56 | D38: นาย ไกวัล มวยดี | E38: 02 ก.พ. 2526 | F38: 41 | G38: Measurement and Analysis Technician | H38: Measurement and Analysis | I38: Maintenance Repair Overhaul - STS | J38: 30 | K38: 21 | L38: 71 | M38: ปกติ
B39: 34 | C39: 4216-61 | D39: นาย ขจรพงศ์ สุวรรณเพ็ชร | E39: 05 เม.ย. 2536 | F39: 31 | G39: พนักงาน Fuel & Export | H39: Fuel and Export | I39: Operations | J39: 41 | K39: 83 | L39: 115 | M39: ผิดปกติ
B40: 35 | C40: 11762-64 | D40: น.ส. ขวัญวดี อามิตย์ | E40: 13 พ.ย. 2531 | F40: 35 | G40: #N/A | H40: #N/A | I40: #N/A | J40: 23 | K40: 24 | L40: 55 | M40: ปกติ
B41: 36 | C41: 25972-60 | D41: นาย คงศักย์ มูลจันทะ | E41: 06 ก.พ. 2510 | F41: 57 | G41: #N/A | H41: #N/A | I41: #N/A | J41: 39 | K41: 49 | L41: 53 | M41: ปกติ
B42: 37 | C42: 13651-51 | D42: นาย คณากร สังข์ทอง | E42: 27 ส.ค. 2530 | F42: 36 | G42: Electrical Technician | H42: Plant Maintenance | I42: Maintenance Repair Overhaul - STS | J42: - | K42: - | L42: - | M42: ไม่ได้รับการตรวจ
B43: 38 | C43: 7424-54 | D43: นาย คมกฤช รัตนกุล | E43: 07 มี.ค. 2531 | F43: 36 | G43: Electrical Technician | H43: Plant Maintenance | I43: Maintenance Repair Overhaul - STS | J43: 31 | K43: 38 | L43: 108 | M43: ปกติ
B44: 39 | C44: 14172-57 | D44: นาย คมสัน ปัญจะเภรี | E44: 16 มิ.ย. 2528 | F44: 39 | G44: Electrical Technician | H44: Plant Maintenance | I44: Maintenance Repair Overhaul - STS | J44: 20 | K44: 14 | L44: 45 | M44: ปกติ
B45: 40 | C45: 19810-62 | D45: นาย คำรณ ครองรักษ์ | E45: 27 มิ.ย. 2531 | F45: 36 | G45: พนักงานผลิตปูนเม็ด | H45: ผลิตปูนเม็ด TS5 | I45: Operations | J45: 30 | K45: 32 | L45: 90 | M45: ปกติ
B46: 41 | C46: 19786-62 | D46: นาย จตุพล รัตนะ | E46: 11 ส.ค. 2534 | F46: 32 | G46: พนักงาน Biomass | H46: Biomass | I46: Operations | J46: 43 | K46: 29 | L46: 70 | M46: ปกติ
B47: 42 | C47: 19825-62 | D47: นาย จตุรงค์ ทองสีอ่อน | E47: 15 มิ.ย. 2536 | F47: 31 | G47: Maintenance Overhaul and Consultancy Technician - Mechanical | H47: Maintenance Overhaul and Consultancy - Mechanical | I47: Maintenance Repair Overhaul - STS | J47: 30 | K47: 25 | L47: 60 | M47: ปกติ
B48: 43 | C48: 20002-62 | D48: นาย จตุรงค์ เลขาวิจิตร์ | E48: 02 ก.พ. 2520 | F48: 47 | G48: Electrical Technician | H48: Plant Maintenance | I48: Maintenance Repair Overhaul - STS | J48: 41 | K48: 45 | L48: 56 | M48: ปกติ
B49: 44 | C49: 9073-50 | D49: นาย จตุรงค์ แอ้นไธสง | E49: 14 ส.ค. 2527 | F49: 39 | G49: พนักงานควบคุมจักรกลหนัก | H49: ผลิตหินก่อนย่อย | I49: Quarry | J49: 27 | K49: 23 | L49: 41 | M49: ปกติ
B50: 45 | C50: 5766-54 | D50: นาย จราวุฒิ มูณีรัตน์ | E50: 27 มี.ค. 2520 | F50: 47 | G50: ผู้ช่วยผู้จัดการประกันคุณภาพ | H50: ส่งเสริมการผลิต | I50: Operations | J50: 29 | K50: 19 | L50: 61 | M50: ปกติ
B51: 46 | C51: 19797-62 | D51: นาย จเร บัวอนนท์ | E51: 08 ก.ค. 2535 | F51: 32 | G51: Maintenance Overhaul and Consultancy Technician - Electrical | H51: Maintenance Overhaul and Consultancy - Electrical | I51: Maintenance Repair Overhaul - STS | J51: 28 | K51: 29 | L51: 98 | M51: ปกติ
B52: 47 | C52: 22429-59 | D52: นาย จักรกฤษณ์ ฤทธิ์ศรี | E52: 07 เม.ย. 2536 | F52: 31 | G52: พนักงานซ่อมบำรุงจักรกลหนัก | H52: ซ่อมบำรุงจักรกลหนัก | I52: Quarry | J52: 24 | K52: 18 | L52: 52 | M52: ปกติ
B53: 48 | C53: 20021-62 | D53: นาย จักรกฤษ์ มณีฉาย | E53: 17 ส.ค. 2536 | F53: 30 | G53: พนักงานผลิตไฟฟ้า | H53: Waste Heat Generator STS | I53: Operations | J53: 26 | K53: 22 | L53: 61 | M53: ปกติ
... B63: 58 | C63: 16107-59 | D63: นาย จิระวุฒิ พรหมนิมิตร์ | E63: 21 เม.ย. 2528 | F63: 39 | G63: พนักงานผลิตปูนเม็ด | H63: ผลิตปูนเม็ด TS5 | I63: Operations | J63: 23 | K63: 37 | L63: 114 | M63: ปกติ
B64: 59 | C64: 3157-54 | D64: นาย จิระศักดิ์ ธรรมศิลา | E64: 21 พ.ค. 2526 | F64: 41 | G64: #N/A | H64: #N/A | I64: #N/A | J64: 37 | K64: 29 | L64: 79 | M64: ปกติ
B65: 60 | C65: 978-56 | D65: นาย จิระศักดิ์ พรมแก้ว | E65: 08 มิ.ย. 2520 | F65: 47 | G65: พนักงานบรรจุและจ่ายซีเมนต์ | H65: บรรจุและจ่ายซีเมนต์ | I65: Operations | J65: 25 | K65: 20 | L65: 75 | M65: ปกติ
B66: 61 | C66: 2723-53 | D66: นาย จิระศักดิ์ ไพริน | E66: 08 มี.ค. 2519 | F66: 48 | G66: ผู้ช่วยผู้จัดการ Fuel & Export | H66: Fuel and Export | I66: Operations | J66: 120 | K66: 219 | L66: 62 | M66: ผิดปกติ
B67: 62 | C67: 18306-58 | D67: น.ส. จีรนันท์ วงศ์สวัสดิ์ | E67: 04 ธ.ค. 2523 | F67: 43 | G67: BSE Operation Officer-STS | H67: BSE Operation - STS | I67: BSE Operation - STS | J67: 25 | K67: 18 | L67: 55 | M67: ปกติ
B68: 63 | C68: 2820-57 | D68: นาย จีรพงษ์ แซ่ลิ้ม | E68: 07 เม.ย. 2534 | F68: 33 | G68: พนักงานควบคุมจักรกลหนัก | H68: ผลิตหินก่อนย่อย | I68: Quarry | J68: 34 | K68: 26 | L68: 78 | M68: ปกติ
B69: 64 | C69: 19987-62 | D69: นาย จีรศักดิ์ คงบุรี | E69: 30 ม.ค. 2516 | F69: 51 | G69: #N/A | H69: #N/A | I69: #N/A | J69: 22 | K69: 17 | L69: 63 | M69: ปกติ
B70: 65 | C70: 6607-49 | D70: นาย จีรศักดิ์ เจริญพงศ์ | E70: 04 มิ.ย. 2524 | F70: 43 | G70: Customer Value Creation Staff | H70: Customer Value Creation | I70: Total Services and Solutions | J70: 25 | K70: 34 | L70: 88 | M70: ปกติ
B71: 66 | C71: 4392-62 | D71: นาย จีระพจน์ ทองเลี่ยมนาค | E71: 27 มี.ค. 2514 | F71: 53 | G71: #N/A | H71: #N/A | I71: #N/A | J71: - | K71: - | L71: - | M71: ไม่ได้รับการตรวจ
B72: 67 | C72: 2082-57 | D72: นาง จุฑารัตน์ คงศิริ | E72: 17 เม.ย. 2532 | F72: 35 | G72: พนักงานบริการลูกค้า | H72: บริการลูกค้า | I72: Operations | J72: 19 | K72: 14 | L72: - | M72: ปกติ
B73: 68 | C73: 26666-48 | D73: นาย เจตร กัญจนกาญจน์ | E73: 04 พ.ย. 2519 | F73: 47 | G73: Measurement and Analysis Supervisor | H73: Measurement and Analysis | I73: Maintenance Repair Overhaul - STS | J73: 32 | K73: 38 | L73: 79 | M73: ปกติ
B74: 69 | C74: 24631-61 | D74: นาย เจริญชัย สุนทรา | E74: 21 ก.พ. 2528 | F74: 39 | G74: Maintenance Overhaul and Consultancy Technician - Electrical | H74: Maintenance Overhaul and Consultancy - Electrical | I74: Maintenance Repair Overhaul - STS | J74: 27 | K74: 29 | L74: 72 | M74: ปกติ
B75: 70 | C75: 13250-48 | D75: นาย เจริญศักดิ์ เหลืองอุ่มพล | E75: 13 ก.ย. 2518 | F75: 48 | G75: Engineering Workshop - Mechanical Technician | H75: Maintenance Workshop Service | I75: Maintenance Workshop Service | J75: - | K75: - | L75: - | M75: ไม่ได้รับการตรวจ
B76: 71 | C76: 24630-61 | D76: นาย เจษฎา รัตนานุกูล | E76: 30 พ.ค. 2536 | F76: 31 | G76: พนักงานผลิตซีเมนต์ | H76: ผลิตซีเมนต์ | I76: Operations | J76: 28 | K76: 34 | L76: 73 | M76: ปกติ
B77: 72 | C77: 19843-62 | D77: นาย ฉัตรชัย แขกเทพ | E77: 25 ส.ค. 2531 | F77: 35 | G77: พนักงานผลิตถุงกระดาษ | H77: ผลิตถุงกระดาษ | I77: Operations | J77: 26 | K77: 21 | L77: 101 | M77: ปกติ
B78: 73 | C78: 17349-46 | D78: นาย ฉัตรชัย ตันติพุฒิกุล | E78: 10 ก.ย. 2511 | F78: 55 | G78: Assistant Manager | H78: Supply Chain and Logistic Management | I78: Supply Chain and Logistic Management | J78: 22 | K78: 20 | L78: - | M78: ปกติ
B79: 74 | C79: 23901-61 | D79: นาย ฉัตรชัย แผ้วพาล | E79: 18 ก.ค. 2532 | F79: 35 | G79: Mechanical Technician | H79: Plant Maintenance | I79: Maintenance Repair Overhaul - STS | J79: 29 | K79: 36 | L79: 58 | M79: ปกติ
B80: 75 | C80: 5029-66 | D80: นาย ฉัตริน ดิษฐวิทย์ | E80: 08 พ.ย. 2531 | F80: 35 | G80: #N/A | H80: #N/A | I80: #N/A | J80: 33 | K80: 34 | L80: 98 | M80: ปกติ
B81: 76 | C81: 902-54 | D81: นาย เฉลิมชัย ตะหมัง | E81: 04 ธ.ค. 2531 | F81: 35 | G81: พนักงานซ่อมบำรุงจักรกลหนัก | H81: ซ่อมบำรุงจักรกลหนัก | I81: Quarry | J81: 22 | K81: 23 | L81: 83 | M81: ปกติ
B82: 77 | C82: 6211-66 | D82: นาย เฉลิมชัย นาฉิม | E82: 03 ก.ย. 2534 | F82: 32 | G82: #N/A | H82: #N/A | I82: #N/A | J82: 31 | K82: 56 | L82: 59 | M82: ผิดปกติ
B83: 78 | C83: 9939-54 | D83: นาย เฉลิมชัย รงค์ฤทธิ์ไชย | E83: 05 ธ.ค. 2515 | F83: 51 | G83: ผู้ช่วยผู้จัดการตักและขนส่ง | H83: ผลิตหินก่อนย่อย | I83: Quarry | J83: 25 | K83: 27 | L83: 77 | M83: ปกติ
B84: 79 | C84: 19838-62 | D84: นาย ชัชลัญ แสงจันทร์ | E84: 04 พ.ค. 2532 | F84: 35 | G84: Mechanical Technician | H84: Plant Maintenance | I84: Maintenance Repair Overhaul - STS | J84: 23 | K84: 21 | L84: 98 | M84: ปกติ
B85: 80 | C85: 18500-50 | D85: นาย ชัยภัทร ปิยะเกศกุล | E85: 11 ก.ค. 2519 | F85: 48 | G85: พนักงานซ่อมบำรุงจักรกลหนัก | H85: ซ่อมบำรุงจักรกลหนัก | I85: Quarry | J85: 28 | K85: 24 | L85: 93 | M85: ปกติ
B86: 81 | C86: 6107-66 | D86: นาย ชัยยันต์ สอาดม่วง | E86: 21 ส.ค. 2516 | F86: 50 | G86: #N/A | H86: #N/A | I86: #N/A | J86: 37 | K86: 21 | L86: 78 | M86: ปกติ
B87: 82 | C87: 11766-64 | D87: นาย ชัยยุทธ ไพฑูรย์ | E87: 30 เม.ย. 2511 | F87: 56 | G87: #N/A | H87: #N/A | I87: #N/A | J87: 28 | K87: 30 | L87: 72 | M87: ปกติ
B88: 83 | C88: 22404-59 | D88: นาย ชาคร จิระแพทย์ | E88: 14 มิ.ย. 2535 | F88: 32 | G88: พนักงานควบคุมจักรกลหนัก | H88: ผลิตหินก่อนย่อย | I88: Quarry | J88: 32 | K88: 57 | L88: 59 | M88: ผิดปกติ
B89: 84 | C89: 7624-60 | D89: นาย ชาญณรงค์ เกิดขุมทอง | E89: 18 ม.ค. 2528 | F89: 39 | G89: #N/A | H89: #N/A | I89: #N/A | J89: - | K89: - | L89: - | M89: ไม่ได้รับการตรวจ
B90: 85 | C90: 18387-52 | D90: นาย ชาญยุทธ แก้วใจจง | E90: 04 ต.ค. 2528 | F90: 38 | G90: พนักงานผลิตปูนเม็ด | H90: ผลิตปูนเม็ด TS4 | I90: Operations | J90: 27 | K90: 32 | L90: 68 | M90: ปกติ
B91: 86 | C91: 19926-62 | D91: นาย ชาตรี ทองนาค | E91: 08 มิ.ย. 2515 | F91: 52 | G91: Technical and Maintenance Planning Manager | H91: Plant Maintenance | I91: Maintenance Repair Overhaul - STS | J91: 57 | K91: 63 | L91: 68 | M91: ผิดปกติ
B92: 87 | C92: 6990-67 | D92: นาย ชานน อติวีระกุล | E92: 28 เม.ย. 2536 | F92: 31 | G92: #N/A | H92: #N/A | I92: #N/A | J92: 28 | K92: 23 | L92: 64 | M92: ปกติ
B93: 88 | C93: 20869-48 | D93: นาย ชำนาญ โชคไพศาล | E93: 11 ก.ย. 2523 | F93: 43 | G93: Electrical Technician | H93: Plant Maintenance | I93: Maintenance Repair Overhaul - STS | J93: 21 | K93: 19 | L93: 55 | M93: ปกติ
B94: 89 | C94: 14118-58 | D94: นาย เชาวรัตน์ บุญตั้ง | E94: 26 ก.ค. 2520 | F94: 46 | G94: พนักงานควบคุมจักรกลหนัก | H94: ผลิตหินก่อนย่อย | I94: Quarry | J94: 28 | K94: 29 | L94: 58 | M94: ปกติ
B95: 90 | C95: 4333-62 | D95: นาย โชคชัย ขบวนสาร | E95: 14 ม.ค. 2532 | F95: 35 | G95: #N/A | H95: #N/A | I95: #N/A | J95: 38 | K95: 43 | L95: 87 | M95: ปกติ
B96: 91 | C96: 14180-60 | D96: นาย โชคชัย พิทักษ์บุตร | E96: 16 มี.ค. 2535 | F96: 32 | G96: พนักงาน Biomass - จัดหา | H96: Biomass | I96: Operations | J96: 30 | K96: 39 | L96: 104 | M96: ปกติ
B97: 92 | C97: 16942-59 | D97: นาย ไชยยงค์ ชูชาติ | E97: 05 พ.ค. 2534 | F97: 33 | G97: พนักงานผลิตไฟฟ้า | H97: Waste Heat Generator STS | I97: Operations | J97: 31 | K97: 21 | L97: 60 | M97: ปกติ
B98: 93 | C98: 24501-61 | D98: นาย ไชยวัฒน์ พุทธวงศ์ | E98: 06 ก.ค. 2535 | F98: 32 | G98: Electrical Technician | H98: Plant Maintenance | I98: Maintenance Repair Overhaul - STS | J98: 32 | K98: 59 | L98: 70 | M98: ผิดปกติ
B99: 94 | C99: 6609-49 | D99: นาย ญาณพงศ์ ตู้เซ่ง | E99: 04 ต.ค. 2528 | F99: 38 | G99: Measurement and Analysis Technician | H99: Measurement and Analysis | I99: Maintenance Repair Overhaul - STS | J99: 30 | K99: 73 | L99: 79 | M99: ผิดปกติ
B100: 95 | C100: 13955-43 | D100: นาย ณฐพงศ์ หมื่นละม้าย | E100: 21 พ.ค. 2516 | F100: 51 | G100: พนักงานบรรจุและจ่ายซีเมนต์ | H100: บรรจุและจ่ายซีเมนต์ | I100: Operations | J100: 32 | K100: 35 | L100: 77 | M100: ปกติ
B101: 96 | C101: 4527-62 | D101: นาย ณรงค์ พลกูล | E101: 27 ก.พ. 2519 | F101: 48 | G101: Customer Value Creation Staff | H101: Customer Value Creation | I101: Total Services and Solutions | J101: 35 | K101: 42 | L101: 71 | M101: ปกติ
B102: 97 | C102: 24295-61 | D102: นาย ณรงค์ ลาภจุติ | E102: 29 พ.ค. 2518 | F102: 49 | G102: พนักงานผลิตปูนเม็ด | H102: ผลิตปูนเม็ด TS4 | I102: Operations | J102: 40 | K102: 41 | L102: 90 | M102: ปกติ
B103: 98 | C103: 777-58 | D103: นาย ณรงค์ ศรีอนุรักษ์ | E103: 03 ต.ค. 2520 | F103: 46 | G103: พนักงานบัญชีจ่าย | H103: ผลิตถุงกระดาษ | I103: Operations | J103: - | K103: 25 | L103: 61 | M103: ปกติ
B104: 99 | C104: 21456-49 | D104: นาย ณัฏฐวัฒน์ กิจเยาวสงค์ | E104: 09 มิ.ย. 2513 | F104: 54 | G104: Assistant Manager Customer Value Creation | H104: Customer Value Creation | I104: Total Services and Solutions | J104: 30 | K104: 43 | L104: 74 | M104: ปกติ
B105: 100 | C105: 2696-49 | D105: นาย ณัฐกิจ แดงสิน | E105: 12 ธ.ค. 2519 | F105: 47 | G105: นักบัญชี | H105: CAD | I105: CAD | J105: 35 | K105: 41 | L105: 88 | M105: ปกติ
B106: 101 | C106: 20186-62 | D106: นาย ณัฐชนน สาธุวงค์ | E106: 17 ส.ค. 2537 | F106: 29 | G106: #N/A | H106: #N/A | I106: #N/A | J106: 47 | K106: 73 | L106: 60 | M106: ผิดปกติ
B107: 102 | C107: 8720-61 | D107: นาย ณัฐพงศ์ กรรเชียง | E107: 05 เม.ย. 2535 | F107: 32 | G107: Maintenance Overhaul and Consultancy Technician - Electrical | H107: Maintenance Overhaul and Consultancy - Electrical | I107: Maintenance Repair Overhaul - STS | J107: 42 | K107: 54 | L107: 70 | M107: ผิดปกติ
B108: 103 | C108: 19783-62 | D108: นาย ณัฐพงศ์ บุษปะเวศ | E108: 24 ส.ค. 2533 | F108: 33 | G108: BSE Operation Manager-STS | H108: BSE Operation - STS | I108: BSE Operation - STS | J108: 29 | K108: 33 | L108: 70 | M108: ปกติ
B109: 104 | C109: 4597-62 | D109: นาย ณัฐพงษ์ เส่งตี๋ | E109: 06 พ.ค. 2530 | F109: 37 | G109: Electrical Technician | H109: Plant Maintenance | I109: Maintenance Repair Overhaul - STS | J109: 34 | K109: 69 | L109: 96 | M109: ผิดปกติ
B110: 105 | C110: 22405-59 | D110: นาย ณัฐพล โต๊ะยี | E110: 07 ธ.ค. 2535 | F110: 31 | G110: พนักงานควบคุมจักรกลหนัก | H110: ผลิตหินก่อนย่อย | I110: Quarry | J110: 35 | K110: 27 | L110: 60 | M110: ปกติ
B111: 106 | C111: 4642-62 | D111: นาย ณัฐพล เลขาพันธ์ | E111: 22 พ.ค. 2537 | F111: 30 | G111: Mechanical Technician | H111: Plant Maintenance | I111: Maintenance Repair Overhaul - STS | J111: 26 | K111: 28 | L111: 49 | M111: ปกติ
...

Sheet การทำงานของไต
B1: ผลการตรวจการทำงานของไต (BUN,Creatinine)
B3: No | C3: HN | D3: ชื่อ - สกุล | E3: วัน/เดือน/ปีเกิด | F3: อายุ | G3: ตำแหน่งงาน | H3: หน่วยงาน | I3: ส่วน (สำหรับพนักงาน) | J3: การทำงานของไต(BUN) | K3: การทำงานของไต(Creatinine) | L3: สรุปผลการตรวจ
J5: ช ค่าปกติ 9 - 20 ,ญ ค่าปกติ 7-17 | K5: ช ค่าปกติ 0.66 - 1.25 mg/dL
K6: ญ ค่าปกติ 0.52 - 1.04 mg/dL
B7: 1 | C7: 14471-58 | D7: นาง กมลทิพย์ ขบวนสาร | E7: 07 มิ.ย. 2527 | F7: 40 | G7: พนักงานธุรการ | H7: Operations | I7: Operations | J7: - | K7: - | L7: ไม่ได้รับการตรวจ | N7: การทำงานของไต
B8: 2 | C8: 165-57 | D8: นาย กรณัฐพงษ์ เรืองระพีพรรณ | E8: 04 เม.ย. 2533 | F8: 34 | G8: #N/A | H8: #N/A | I8: #N/A | J8: 18.6 | K8: 1.20 | L8: ปกติ | N8: ปกติ | O8: 381
B9: 3 | C9: 9043-49 | D9: น.ส. กฤติกา หมัดโส๊ะ | E9: 01 ม.ค. 2528 | F9: 39 | G9: พนักงานเทคโนโลยีสารสนเทศ | H9: เทคโนโลยีสารสนเทศ | I9: MD Office | J9: - | K9: - | L9: ไม่ได้รับการตรวจ | N9: ผิดปกติ | O9: 33
B10: 4 | C10: 5101-50 | D10: นาย กฤษฎากรณ์ เดชะราช | E10: 18 มิ.ย. 2515 | F10: 52 | G10: Technical and Maintenance Planning Manager | H10: Plant Maintenance | I10: Maintenance Repair Overhaul - STS | J10: - | K10: - | L10: ไม่ได้รับการตรวจ | N10: รวม | O10: 414
B11: 5 | C11: 13350-56 | D11: นาย กฤษณรักษ์ รัตนะ | E11: 12 พ.ย. 2530 | F11: 36 | G11: พนักงานซ่อมบำรุงจักรกลหนัก | H11: ซ่อมบำรุงจักรกลหนัก | I11: Quarry | J11: 11.7 | K11: 0.97 | L11: ปกติ
B12: 6 | C12: 20669-60 | D12: นาย กฤษดา หนูหอ | E12: 25 เม.ย. 2520 | F12: 47 | G12: Maintenance Overhaul and Consultancy Technician - Electrical | H12: Maintenance Overhaul and Consultancy - Electrical | I12: Maintenance Repair Overhaul - STS | J12: 13.3 | K12: 1.47 | L12: ผิดปกติ
B13: 7 | C13: 20050-65 | D13: นาย กวิศ แซ่ตั้ง | E13: 01 ม.ค. 2535 | F13: 32 | G13: #N/A | H13: #N/A | I13: #N/A | J13: 12.0 | K13: 1.05 | L13: ปกติ
B14: 8 | C14: 11980-47 | D14: นาย ก้องทัย คุณโลก | E14: 17 มี.ค. 2512 | F14: 55 | G14: Mechanical Maintenance Manager – Clinker | H14: Plant Maintenance | I14: Maintenance Repair Overhaul - STS | J14: 12.3 | K14: 1.00 | L14: ปกติ
B15: 9 | C15: 443-50 | D15: นาย กัญจน์ภัสสรณ์ พรหมแสง | E15: 05 มิ.ย. 2519 | F15: 48 | G15: #N/A | H15: #N/A | I15: #N/A | J15: 11.9 | K15: 1.15 | L15: ปกติ
B16: 10 | C16: 19597-49 | D16: น.ส. กัญธนัช ศรีโยธา | E16: 14 ต.ค. 2528 | F16: 38 | G16: BSE Assistant Manager-South Chain | H16: BSE South Chain | I16: BSE South Chain | J16: - | K16: - | L16: ไม่ได้รับการตรวจ
B17: 11 | C17: 24355-61 | D17: นาง กาญจนา ลีลารุจนกุล | E17: 13 ต.ค. 2535 | F17: 31 | G17: BSE Operation Officer-STS | H17: BSE Operation - STS | I17: BSE Operation - STS | J17: - | K17: - | L17: ไม่ได้รับการตรวจ
B18: 12 | C18: 11655-54 | D18: นาย ก้าน สิทธิวงศ์ | E18: 28 ก.ค. 2525 | F18: 41 | G18: พนักงานผลิตถุงกระดาษ | H18: ผลิตถุงกระดาษ | I18: Operations | J18: 11.6 | K18: 1.19 | L18: ปกติ
B19: 13 | C19: 4482-62 | D19: นาย กิตตินันท์ จันทกูล | E19: 27 ก.ย. 2534 | F19: 32 | G19: Mechanical Technician | H19: Plant Maintenance | I19: Maintenance Repair Overhaul - STS | J19: 13.5 | K19: 0.89 | L19: ปกติ
B20: 14 | C20: 16852-60 | D20: นาย กิตติพงศ์ ไพชำนาญ | E20: 04 มี.ค. 2535 | F20: 32 | G20: Engineer | H20: Maintenance Repair Overhaul - STS | I20: Maintenance Repair Overhaul - STS | J20: 10.9 | K20: 0.92 | L20: ปกติ
B21: 15 | C21: 22376-59 | D21: นาย กิตติพงศ์ สหกโร | E21: 30 เม.ย. 2530 | F21: 37 | G21: พนักงานควบคุมเครื่องย่อย | H21: ผลิตหินย่อยและหินก่อสร้าง | I21: Quarry | J21: 13.4 | K21: 0.77 | L21: ปกติ
B22: 16 | C22: 3969-43 | D22: นาย กิตติพงษ์ คงปลอด | E22: 02 ก.พ. 2520 | F22: 47 | G22: Mechanical Technician | H22: Plant Maintenance | I22: Maintenance Repair Overhaul - STS | J22: 12.5 | K22: 1.01 | L22: ปกติ
B23: 17 | C23: 6256-66 | D23: นาย กิตติพงษ์ ดอกไม้ทอง | E23: 27 ก.ค. 2541 | F23: 25 | G23: #N/A | H23: #N/A | I23: #N/A | J23: 11.6 | K23: 0.82 | L23: ปกติ
B24: 18 | C24: 24617-61 | D24: นาย กิตติพงษ์ ทองมี | E24: 20 เม.ย. 2535 | F24: 32 | G24: #N/A | H24: #N/A | I24: #N/A | J24: 8.7 | K24: 1.13 | L24: ปกติ
B25: 19 | C25: 22368-59 | D25: นาย กิตติศักดิ์ ช้างกลาง | E25: 14 ก.พ. 2535 | F25: 32 | G25: พนักงานควบคุมจักรกลหนัก | H25: วางแผนและพัฒนาเหมือง | I25: Quarry | J25: 13.5 | K25: 0.91 | L25: ปกติ
B26: 20 | C26: 22377-59 | D26: นาย กิตติศักดิ์ อ่วมคง | E26: 22 ส.ค. 2531 | F26: 35 | G26: พนักงานควบคุมเครื่องย่อย | H26: ผลิตหินย่อยและหินก่อสร้าง | I26: Quarry | J26: 14.0 | K26: 0.97 | L26: ปกติ
B27: 21 | C27: 22436-59 | D27: นาย กิตติ ศิริพันธุ์ | E27: 29 มิ.ย. 2529 | F27: 38 | G27: พนักงานเหมืองแร่ | H27: จัดหาและเตรียมวัตถุดิบ | I27: Quarry | J27: 12.8 | K27: 1.19 | L27: ปกติ
B28: 22 | C28: 4570-62 | D28: นาย กีรติ ทับทอง | E28: 11 พ.ค. 2531 | F28: 36 | G28: พนักงาน AFR | H28: AFR | I28: Operations | J28: 10.5 | K28: 0.95 | L28: ปกติ
B29: 23 | C29: 24218-61 | D29: นาง กุลธิดา เครือสาย | E29: 27 มิ.ย. 2516 | F29: 51 | G29: พนักงานบริการลูกค้า | H29: บริการลูกค้า | I29: Operations | J29: - | K29: 0.69 | L29: ปกติ
B30: 24 | C30: 19923-62 | D30: นาย เกรียงไกร คุณโลก | E30: 14 ธ.ค. 2513 | F30: 53 | G30: #N/A | H30: #N/A | I30: #N/A | J30: 15.5 | K30: 0.99 | L30: ปกติ
B31: 25 | C31: 9075-50 | D31: นาย เกรียงไกร เซ่งเซี่ยง | E31: 25 เม.ย. 2527 | F31: 40 | G31: Mechanical Technician | H31: Plant Maintenance | I31: Maintenance Repair Overhaul - STS | J31: 15.5 | K31: 1.02 | L31: ปกติ
B32: 26 | C32: 6253-66 | D32: นาย เกรียงไกร ธรรมโกศล | E32: 20 ธ.ค. 2536 | F32: 30 | G32: #N/A | H32: #N/A | I32: #N/A | J32: 12.8 | K32: 0.87 | L32: ปกติ
B33: 27 | C33: 19837-62 | D33: นาย เกรียงศักดิ์ ชูดวงจันทร์ | E33: 11 มี.ค. 2526 | F33: 41 | G33: #N/A | H33: #N/A | I33: #N/A | J33: 9.1 | K33: 0.97 | L33: ปกติ
B34: 28 | C34: 20003-62 | D34: นาย เกียรติศักดิ์ ทองทิพย์ | E34: 03 ก.ย. 2516 | F34: 50 | G34: #N/A | H34: #N/A | I34: #N/A | J34: 12.4 | K34: 1.05 | L34: ปกติ
B35: 29 | C35: 17784-56 | D35: นาย เกียรติศักดิ์ ไสยฉิม | E35: 14 ม.ค. 2520 | F35: 47 | G35: พนักงานควบคุมจักรกลหนัก | H35: วางแผนและพัฒนาเหมือง | I35: Quarry | J35: - | K35: - | L35: ไม่ได้รับการตรวจ
B36: 30 | C36: 24161-61 | D36: นาย โกมิน บวรศุภศรี | E36: 12 ส.ค. 2537 | F36: 29 | G36: Measurement and Analysis Technician | H36: Measurement and Analysis | I36: Maintenance Repair Overhaul - STS | J36: 10.9 | K36: 0.94 | L36: ปกติ
B37: 31 | C37: 7408-51 | D37: นาย โกสินทร์ ศิริปทาวานิช | E37: 03 ต.ค. 2511 | F37: 55 | G37: ผู้ช่วยผู้จัดการตักและขนส่ง | H37: ผลิตหินก่อนย่อย | I37: Quarry | J37: - | K37: - | L37: ไม่ได้รับการตรวจ
B38: 32 | C38: 4362-62 | D38: นาย ไกรศรี ผาสุข | E38: 27 พ.ค. 2515 | F38: 52 | G38: #N/A | H38: #N/A | I38: #N/A | J38: 14.9 | K38: 0.84 | L38: ปกติ
B39: 33 | C39: 14885-56 | D39: นาย ไกวัล มวยดี | E39: 02 ก.พ. 2526 | F39: 41 | G39: Measurement and Analysis Technician | H39: Measurement and Analysis | I39: Maintenance Repair Overhaul - STS | J39: 15.2 | K39: 1.28 | L39: ผิดปกติ
B40: 34 | C40: 4216-61 | D40: นาย ขจรพงศ์ สุวรรณเพ็ชร | E40: 05 เม.ย. 2536 | F40: 31 | G40: พนักงาน Fuel & Export | H40: Fuel and Export | I40: Operations | J40: 14.2 | K40: 1.04 | L40: ปกติ
B41: 35 | C41: 11762-64 | D41: น.ส. ขวัญวดี อามิตย์ | E41: 13 พ.ย. 2531 | F41: 35 | G41: #N/A | H41: #N/A | I41: #N/A | J41: 11.9 | K41: 0.69 | L41: ปกติ
B42: 36 | C42: 25972-60 | D42: นาย คงศักย์ มูลจันทะ | E42: 06 ก.พ. 2510 | F42: 57 | G42: #N/A | H42: #N/A | I42: #N/A | J42: 17.4 | K42: 1.06 | L42: ปกติ
B43: 37 | C43: 13651-51 | D43: นาย คณากร สังข์ทอง | E43: 27 ส.ค. 2530 | F43: 36 | G43: Electrical Technician | H43: Plant Maintenance | I43: Maintenance Repair Overhaul - STS | J43: - | K43: - | L43: ไม่ได้รับการตรวจ
B44: 38 | C44: 7424-54 | D44: นาย คมกฤช รัตนกุล | E44: 07 มี.ค. 2531 | F44: 36 | G44: Electrical Technician | H44: Plant Maintenance | I44: Maintenance Repair Overhaul - STS | J44: 13.7 | K44: 1.05 | L44: ปกติ
B45: 39 | C45: 14172-57 | D45: นาย คมสัน ปัญจะเภรี | E45: 16 มิ.ย. 2528 | F45: 39 | G45: Electrical Technician | H45: Plant Maintenance | I45: Maintenance Repair Overhaul - STS | J45: 11.2 | K45: 0.97 | L45: ปกติ
B46: 40 | C46: 19810-62 | D46: นาย คำรณ ครองรักษ์ | E46: 27 มิ.ย. 2531 | F46: 36 | G46: พนักงานผลิตปูนเม็ด | H46: ผลิตปูนเม็ด TS5 | I46: Operations | J46: 11.2 | K46: 1.01 | L46: ปกติ
B47: 41 | C47: 19786-62 | D47: นาย จตุพล รัตนะ | E47: 11 ส.ค. 2534 | F47: 32 | G47: พนักงาน Biomass | H47: Biomass | I47: Operations | J47: 8.3 | K47: 0.93 | L47: ปกติ
B48: 42 | C48: 19825-62 | D48: นาย จตุรงค์ ทองสีอ่อน | E48: 15 มิ.ย. 2536 | F48: 31 | G48: Maintenance Overhaul and Consultancy Technician - Mechanical | H48: Maintenance Overhaul and Consultancy - Mechanical | I48: Maintenance Repair Overhaul - STS | J48: 8.8 | K48: 0.80 | L48: ปกติ
B49: 43 | C49: 20002-62 | D49: นาย จตุรงค์ เลขาวิจิตร์ | E49: 02 ก.พ. 2520 | F49: 47 | G49: Electrical Technician | H49: Plant Maintenance | I49: Maintenance Repair Overhaul - STS | J49: 11.0 | K49: 0.80 | L49: ปกติ
B50: 44 | C50: 9073-50 | D50: นาย จตุรงค์ แอ้นไธสง | E50: 14 ส.ค. 2527 | F50: 39 | G50: พนักงานควบคุมจักรกลหนัก | H50: ผลิตหินก่อนย่อย | I50: Quarry | J50: 17.4 | K50: 1.06 | L50: ปกติ
B51: 45 | C51: 5766-54 | D51: นาย จราวุฒิ มูณีรัตน์ | E51: 27 มี.ค. 2520 | F51: 47 | G51: ผู้ช่วยผู้จัดการประกันคุณภาพ | H51: ส่งเสริมการผลิต | I51: Operations | J51: 16.1 | K51: 1.19 | L51: ปกติ
B52: 46 | C52: 19797-62 | D52: นาย จเร บัวอนนท์ | E52: 08 ก.ค. 2535 | F52: 32 | G52: Maintenance Overhaul and Consultancy Technician - Electrical | H52: Maintenance Overhaul and Consultancy - Electrical | I52: Maintenance Repair Overhaul - STS | J52: 13.1 | K52: 1.07 | L52: ปกติ
B53: 47 | C53: 22429-59 | D53: นาย จักรกฤษณ์ ฤทธิ์ศรี | E53: 07 เม.ย. 2536 | F53: 31 | G53: พนักงานซ่อมบำรุงจักรกลหนัก | H53: ซ่อมบำรุงจักรกลหนัก | I53: Quarry | J53: 12.9 | K53: 1.01 | L53: ปกติ
B54: 48 | C54: 20021-62 | D54: นาย จักรกฤษ์ มณีฉาย | E54: 17 ส.ค. 2536 | F54: 30 | G54: พนักงานผลิตไฟฟ้า | H54: Waste Heat Generator STS | I54: Operations | J54: 13.3 | K54: 0.92 | L54: ปกติ
... B64: 58 | C64: 16107-59 | D64: นาย จิระวุฒิ พรหมนิมิตร์ | E64: 21 เม.ย. 2528 | F64: 39 | G64: พนักงานผลิตปูนเม็ด | H64: ผลิตปูนเม็ด TS5 | I64: Operations | J64: 13.2 | K64: 1.06 | L64: ปกติ
B65: 59 | C65: 3157-54 | D65: นาย จิระศักดิ์ ธรรมศิลา | E65: 21 พ.ค. 2526 | F65: 41 | G65: #N/A | H65: #N/A | I65: #N/A | J65: 16.8 | K65: 1.01 | L65: ปกติ
B66: 60 | C66: 978-56 | D66: นาย จิระศักดิ์ พรมแก้ว | E66: 08 มิ.ย. 2520 | F66: 47 | G66: พนักงานบรรจุและจ่ายซีเมนต์ | H66: บรรจุและจ่ายซีเมนต์ | I66: Operations | J66: 16.8 | K66: 1.04 | L66: ปกติ
B67: 61 | C67: 2723-53 | D67: นาย จิระศักดิ์ ไพริน | E67: 08 มี.ค. 2519 | F67: 48 | G67: ผู้ช่วยผู้จัดการ Fuel & Export | H67: Fuel and Export | I67: Operations | J67: 12.4 | K67: 0.74 | L67: ปกติ
B68: 62 | C68: 18306-58 | D68: น.ส. จีรนันท์ วงศ์สวัสดิ์ | E68: 04 ธ.ค. 2523 | F68: 43 | G68: BSE Operation Officer-STS | H68: BSE Operation - STS | I68: BSE Operation - STS | J68: 10.1 | K68: 0.83 | L68: ปกติ
B69: 63 | C69: 2820-57 | D69: นาย จีรพงษ์ แซ่ลิ้ม | E69: 07 เม.ย. 2534 | F69: 33 | G69: พนักงานควบคุมจักรกลหนัก | H69: ผลิตหินก่อนย่อย | I69: Quarry | J69: 13.2 | K69: 1.04 | L69: ปกติ
B70: 64 | C70: 19987-62 | D70: นาย จีรศักดิ์ คงบุรี | E70: 30 ม.ค. 2516 | F70: 51 | G70: #N/A | H70: #N/A | I70: #N/A | J70: 15.6 | K70: 1.09 | L70: ปกติ
B71: 65 | C71: 6607-49 | D71: นาย จีรศักดิ์ เจริญพงศ์ | E71: 04 มิ.ย. 2524 | F71: 43 | G71: Customer Value Creation Staff | H71: Customer Value Creation | I71: Total Services and Solutions | J71: 17.7 | K71: 0.86 | L71: ปกติ
B72: 66 | C72: 4392-62 | D72: นาย จีระพจน์ ทองเลี่ยมนาค | E72: 27 มี.ค. 2514 | F72: 53 | G72: #N/A | H72: #N/A | I72: #N/A | J72: - | K72: - | L72: ไม่ได้รับการตรวจ
B73: 67 | C73: 2082-57 | D73: นาง จุฑารัตน์ คงศิริ | E73: 17 เม.ย. 2532 | F73: 35 | G73: พนักงานบริการลูกค้า | H73: บริการลูกค้า | I73: Operations | J73: - | K73: 0.64 | L73: ปกติ
B74: 68 | C74: 26666-48 | D74: นาย เจตร กัญจนกาญจน์ | E74: 04 พ.ย. 2519 | F74: 47 | G74: Measurement and Analysis Supervisor | H74: Measurement and Analysis | I74: Maintenance Repair Overhaul - STS | J74: 15.1 | K74: 0.96 | L74: ปกติ
B75: 69 | C75: 24631-61 | D75: นาย เจริญชัย สุนทรา | E75: 21 ก.พ. 2528 | F75: 39 | G75: Maintenance Overhaul and Consultancy Technician - Electrical | H75: Maintenance Overhaul and Consultancy - Electrical | I75: Maintenance Repair Overhaul - STS | J75: 17.7 | K75: 0.94 | L75: ปกติ
B76: 70 | C76: 13250-48 | D76: นาย เจริญศักดิ์ เหลืองอุ่มพล | E76: 13 ก.ย. 2518 | F76: 48 | G76: Engineering Workshop - Mechanical Technician | H76: Maintenance Workshop Service | I76: Maintenance Workshop Service | J76: - | K76: - | L76: ไม่ได้รับการตรวจ
B77: 71 | C77: 24630-61 | D77: นาย เจษฎา รัตนานุกูล | E77: 30 พ.ค. 2536 | F77: 31 | G77: พนักงานผลิตซีเมนต์ | H77: ผลิตซีเมนต์ | I77: Operations | J77: 16.9 | K77: 1.11 | L77: ปกติ
B78: 72 | C78: 19843-62 | D78: นาย ฉัตรชัย แขกเทพ | E78: 25 ส.ค. 2531 | F78: 35 | G78: พนักงานผลิตถุงกระดาษ | H78: ผลิตถุงกระดาษ | I78: Operations | J78: 17.1 | K78: 1.01 | L78: ปกติ
B79: 73 | C79: 17349-46 | D79: นาย ฉัตรชัย ตันติพุฒิกุล | E79: 10 ก.ย. 2511 | F79: 55 | G79: Assistant Manager | H79: Supply Chain and Logistic Management | I79: Supply Chain and Logistic Management | J79: - | K79: 0.88 | L79: ปกติ
B80: 74 | C80: 23901-61 | D80: นาย ฉัตรชัย แผ้วพาล | E80: 18 ก.ค. 2532 | F80: 35 | G80: Mechanical Technician | H80: Plant Maintenance | I80: Maintenance Repair Overhaul - STS | J80: 19.0 | K80: 0.91 | L80: ปกติ
B81: 75 | C81: 5029-66 | D81: นาย ฉัตริน ดิษฐวิทย์ | E81: 08 พ.ย. 2531 | F81: 35 | G81: #N/A | H81: #N/A | I81: #N/A | J81: 17.0 | K81: 0.80 | L81: ปกติ
B82: 76 | C82: 902-54 | D82: นาย เฉลิมชัย ตะหมัง | E82: 04 ธ.ค. 2531 | F82: 35 | G82: พนักงานซ่อมบำรุงจักรกลหนัก | H82: ซ่อมบำรุงจักรกลหนัก | I82: Quarry | J82: 11.4 | K82: 1.02 | L82: ปกติ
B83: 77 | C83: 6211-66 | D83: นาย เฉลิมชัย นาฉิม | E83: 03 ก.ย. 2534 | F83: 32 | G83: #N/A | H83: #N/A | I83: #N/A | J83: 11.1 | K83: 0.97 | L83: ปกติ
B84: 78 | C84: 9939-54 | D84: นาย เฉลิมชัย รงค์ฤทธิ์ไชย | E84: 05 ธ.ค. 2515 | F84: 51 | G84: ผู้ช่วยผู้จัดการตักและขนส่ง | H84: ผลิตหินก่อนย่อย | I84: Quarry | J84: 12.8 | K84: 1.04 | L84: ปกติ
B85: 79 | C85: 19838-62 | D85: นาย ชัชลัญ แสงจันทร์ | E85: 04 พ.ค. 2532 | F85: 35 | G85: Mechanical Technician | H85: Plant Maintenance | I85: Maintenance Repair Overhaul - STS | J85: 17.5 | K85: 1.00 | L85: ปกติ
B86: 80 | C86: 18500-50 | D86: นาย ชัยภัทร ปิยะเกศกุล | E86: 11 ก.ค. 2519 | F86: 48 | G86: พนักงานซ่อมบำรุงจักรกลหนัก | H86: ซ่อมบำรุงจักรกลหนัก | I86: Quarry | J86: 15.3 | K86: 0.98 | L86: ปกติ
B87: 81 | C87: 6107-66 | D87: นาย ชัยยันต์ สอาดม่วง | E87: 21 ส.ค. 2516 | F87: 50 | G87: #N/A | H87: #N/A | I87: #N/A | J87: 13.5 | K87: 1.05 | L87: ปกติ
B88: 82 | C88: 11766-64 | D88: นาย ชัยยุทธ ไพฑูรย์ | E88: 30 เม.ย. 2511 | F88: 56 | G88: #N/A | H88: #N/A | I88: #N/A | J88: 18.1 | K88: 1.15 | L88: ปกติ
B89: 83 | C89: 22404-59 | D89: นาย ชาคร จิระแพทย์ | E89: 14 มิ.ย. 2535 | F89: 32 | G89: พนักงานควบคุมจักรกลหนัก | H89: ผลิตหินก่อนย่อย | I89: Quarry | J89: 14.4 | K89: 1.29 | L89: ผิดปกติ
B90: 84 | C90: 7624-60 | D90: นาย ชาญณรงค์ เกิดขุมทอง | E90: 18 ม.ค. 2528 | F90: 39 | G90: #N/A | H90: #N/A | I90: #N/A | J90: - | K90: - | L90: ไม่ได้รับการตรวจ
B91: 85 | C91: 18387-52 | D91: นาย ชาญยุทธ แก้วใจจง | E91: 04 ต.ค. 2528 | F91: 38 | G91: พนักงานผลิตปูนเม็ด | H91: ผลิตปูนเม็ด TS4 | I91: Operations | J91: 20.7 | K91: 1.24 | L91: ผิดปกติ
B92: 86 | C92: 19926-62 | D92: นาย ชาตรี ทองนาค | E92: 08 มิ.ย. 2515 | F92: 52 | G92: Technical and Maintenance Planning Manager | H92: Plant Maintenance | I92: Maintenance Repair Overhaul - STS | J92: 17.3 | K92: 0.85 | L92: ปกติ
B93: 87 | C93: 6990-67 | D93: นาย ชานน อติวีระกุล | E93: 28 เม.ย. 2536 | F93: 31 | G93: #N/A | H93: #N/A | I93: #N/A | J93: 12.9 | K93: 1.05 | L93: ปกติ
B94: 88 | C94: 20869-48 | D94: นาย ชำนาญ โชคไพศาล | E94: 11 ก.ย. 2523 | F94: 43 | G94: Electrical Technician | H94: Plant Maintenance | I94: Maintenance Repair Overhaul - STS | J94: 13.3 | K94: 1.02 | L94: ปกติ
B95: 89 | C95: 14118-58 | D95: นาย เชาวรัตน์ บุญตั้ง | E95: 26 ก.ค. 2520 | F95: 46 | G95: พนักงานควบคุมจักรกลหนัก | H95: ผลิตหินก่อนย่อย | I95: Quarry | J95: 15.7 | K95: 1.04 | L95: ปกติ
B96: 90 | C96: 4333-62 | D96: นาย โชคชัย ขบวนสาร | E96: 14 ม.ค. 2532 | F96: 35 | G96: #N/A | H96: #N/A | I96: #N/A | J96: 13.7 | K96: 1.00 | L96: ปกติ
B97: 91 | C97: 14180-60 | D97: นาย โชคชัย พิทักษ์บุตร | E97: 16 มี.ค. 2535 | F97: 32 | G97: พนักงาน Biomass - จัดหา | H97: Biomass | I97: Operations | J97: 14.3 | K97: 1.12 | L97: ปกติ
B98: 92 | C98: 16942-59 | D98: นาย ไชยยงค์ ชูชาติ | E98: 05 พ.ค. 2534 | F98: 33 | G98: พนักงานผลิตไฟฟ้า | H98: Waste Heat Generator STS | I98: Operations | J98: 9.7 | K98: 0.95 | L98: ปกติ
B99: 93 | C99: 24501-61 | D99: นาย ไชยวัฒน์ พุทธวงศ์ | E99: 06 ก.ค. 2535 | F99: 32 | G99: Electrical Technician | H99: Plant Maintenance | I99: Maintenance Repair Overhaul - STS | J99: 14.6 | K99: 1.06 | L99: ปกติ
B100: 94 | C100: 6609-49 | D100: นาย ญาณพงศ์ ตู้เซ่ง | E100: 04 ต.ค. 2528 | F100: 38 | G100: Measurement and Analysis Technician | H100: Measurement and Analysis | I100: Maintenance Repair Overhaul - STS | J100: 15.0 | K100: 0.79 | L100: ปกติ
B101: 95 | C101: 13955-43 | D101: นาย ณฐพงศ์ หมื่นละม้าย | E101: 21 พ.ค. 2516 | F101: 51 | G101: พนักงานบรรจุและจ่ายซีเมนต์ | H101: บรรจุและจ่ายซีเมนต์ | I101: Operations | J101: 9.6 | K101: 0.87 | L101: ปกติ
B102: 96 | C102: 4527-62 | D102: นาย ณรงค์ พลกูล | E102: 27 ก.พ. 2519 | F102: 48 | G102: Customer Value Creation Staff | H102: Customer Value Creation | I102: Total Services and Solutions | J102: 15.4 | K102: 1.13 | L102: ปกติ
B103: 97 | C103: 24295-61 | D103: นาย ณรงค์ ลาภจุติ | E103: 29 พ.ค. 2518 | F103: 49 | G103: พนักงานผลิตปูนเม็ด | H103: ผลิตปูนเม็ด TS4 | I103: Operations | J103: 22.8 | K103: 1.23 | L103: ผิดปกติ
B104: 98 | C104: 777-58 | D104: นาย ณรงค์ ศรีอนุรักษ์ | E104: 03 ต.ค. 2520 | F104: 46 | G104: พนักงานบัญชีจ่าย | H104: ผลิตถุงกระดาษ | I104: Operations | J104: - | K104: - | L104: ไม่ได้รับการตรวจ
B105: 99 | C105: 21456-49 | D105: นาย ณัฏฐวัฒน์ กิจเยาวสงค์ | E105: 09 มิ.ย. 2513 | F105: 54 | G105: Assistant Manager Customer Value Creation | H105: Customer Value Creation | I105: Total Services and Solutions | J105: 14.7 | K105: 1.05 | L105: ปกติ
B106: 100 | C106: 2696-49 | D106: นาย ณัฐกิจ แดงสิน | E106: 12 ธ.ค. 2519 | F106: 47 | G106: นักบัญชี | H106: CAD | I106: CAD | J106: 12.0 | K106: 0.76 | L106: ปกติ
B107: 101 | C107: 20186-62 | D107: นาย ณัฐชนน สาธุวงค์ | E107: 17 ส.ค. 2537 | F107: 29 | G107: #N/A | H107: #N/A | I107: #N/A | J107: 10.4 | K107: 0.89 | L107: ปกติ
B108: 102 | C108: 8720-61 | D108: นาย ณัฐพงศ์ กรรเชียง | E108: 05 เม.ย. 2535 | F108: 32 | G108: Maintenance Overhaul and Consultancy Technician - Electrical | H108: Maintenance Overhaul and Consultancy - Electrical | I108: Maintenance Repair Overhaul - STS | J108: 12.8 | K108: 1.07 | L108: ปกติ
B109: 103 | C109: 19783-62 | D109: นาย ณัฐพงศ์ บุษปะเวศ | E109: 24 ส.ค. 2533 | F109: 33 | G109: BSE Operation Manager-STS | H109: BSE Operation - STS | I109: BSE Operation - STS | J109: 17.5 | K109: 0.83 | L109: ปกติ
B110: 104 | C110: 4597-62 | D110: นาย ณัฐพงษ์ เส่งตี๋ | E110: 06 พ.ค. 2530 | F110: 37 | G110: Electrical Technician | H110: Plant Maintenance | I110: Maintenance Repair Overhaul - STS | J110: 14.6 | K110: 1.10 | L110: ปกติ
B111: 105 | C111: 22405-59 | D111: นาย ณัฐพล โต๊ะยี | E111: 07 ธ.ค. 2535 | F111: 31 | G111: พนักงานควบคุมจักรกลหนัก | H111: ผลิตหินก่อนย่อย | I111: Quarry | J111: 13.9 | K111: 1.01 | L111: ปกติ
...

Sheet กรดยูริคในเลือดUric
B1: ผลการตรวจกรดยูริคในเลือด (Uric Acid)
B3: No | C3: HN | D3: ชื่อ - สกุล | E3: วัน/เดือน/ปีเกิด | F3: อายุ | G3: ตำแหน่งงาน | H3: หน่วยงาน | I3: ส่วน (สำหรับพนักงาน) | J3: กรดยูริคในเลือด(Uric Acid) | K3: สรุปผลการตรวจ
J4: ญ ค่าปกติ 2.5-6.2 mg/dl
J5: ช ค่าปกติ 3.5-8.5 mg/dl
B6: 1 | C6: 14471-58 | D6: นาง กมลทิพย์ ขบวนสาร | E6: 07 มิ.ย. 2527 | F6: 40 | G6: พนักงานธุรการ | H6: Operations | I6: Operations | J6: - | K6: ไม่ได้รับการตรวจ | M6: กรดยูริคในเลือด
B7: 2 | C7: 165-57 | D7: นาย กรณัฐพงษ์ เรืองระพีพรรณ | E7: 04 เม.ย. 2533 | F7: 34 | G7: #N/A | H7: #N/A | I7: #N/A | J7: - | K7: ไม่ได้รับการตรวจ | M7: ปกติ | N7: 41
B8: 3 | C8: 9043-49 | D8: น.ส. กฤติกา หมัดโส๊ะ | E8: 01 ม.ค. 2528 | F8: 39 | G8: พนักงานเทคโนโลยีสารสนเทศ | H8: เทคโนโลยีสารสนเทศ | I8: MD Office | J8: - | K8: ไม่ได้รับการตรวจ | M8: ผิดปกติ | N8: 1
B9: 4 | C9: 5101-50 | D9: นาย กฤษฎากรณ์ เดชะราช | E9: 18 มิ.ย. 2515 | F9: 52 | G9: Technical and Maintenance Planning Manager | H9: Plant Maintenance | I9: Maintenance Repair Overhaul - STS | J9: - | K9: ไม่ได้รับการตรวจ | M9: รวม | N9: 42
B10: 5 | C10: 13350-56 | D10: นาย กฤษณรักษ์ รัตนะ | E10: 12 พ.ย. 2530 | F10: 36 | G10: พนักงานซ่อมบำรุงจักรกลหนัก | H10: ซ่อมบำรุงจักรกลหนัก | I10: Quarry | J10: - | K10: ไม่ได้รับการตรวจ
B11: 6 | C11: 20669-60 | D11: นาย กฤษดา หนูหอ | E11: 25 เม.ย. 2520 | F11: 47 | G11: Maintenance Overhaul and Consultancy Technician - Electrical | H11: Maintenance Overhaul and Consultancy - Electrical | I11: Maintenance Repair Overhaul - STS | J11: - | K11: ไม่ได้รับการตรวจ
B12: 7 | C12: 20050-65 | D12: นาย กวิศ แซ่ตั้ง | E12: 01 ม.ค. 2535 | F12: 32 | G12: #N/A | H12: #N/A | I12: #N/A | J12: - | K12: ไม่ได้รับการตรวจ
B13: 8 | C13: 11980-47 | D13: นาย ก้องทัย คุณโลก | E13: 17 มี.ค. 2512 | F13: 55 | G13: Mechanical Maintenance Manager – Clinker | H13: Plant Maintenance | I13: Maintenance Repair Overhaul - STS | J13: - | K13: ไม่ได้รับการตรวจ
B14: 9 | C14: 443-50 | D14: นาย กัญจน์ภัสสรณ์ พรหมแสง | E14: 05 มิ.ย. 2519 | F14: 48 | G14: #N/A | H14: #N/A | I14: #N/A | J14: - | K14: ไม่ได้รับการตรวจ
B15: 10 | C15: 19597-49 | D15: น.ส. กัญธนัช ศรีโยธา | E15: 14 ต.ค. 2528 | F15: 38 | G15: BSE Assistant Manager-South Chain | H15: BSE South Chain | I15: BSE South Chain | J15: - | K15: ไม่ได้รับการตรวจ
B16: 11 | C16: 24355-61 | D16: นาง กาญจนา ลีลารุจนกุล | E16: 13 ต.ค. 2535 | F16: 31 | G16: BSE Operation Officer-STS | H16: BSE Operation - STS | I16: BSE Operation - STS | J16: - | K16: ไม่ได้รับการตรวจ
B17: 12 | C17: 11655-54 | D17: นาย ก้าน สิทธิวงศ์ | E17: 28 ก.ค. 2525 | F17: 41 | G17: พนักงานผลิตถุงกระดาษ | H17: ผลิตถุงกระดาษ | I17: Operations | J17: 8.5 | K17: ปกติ
B18: 13 | C18: 4482-62 | D18: นาย กิตตินันท์ จันทกูล | E18: 27 ก.ย. 2534 | F18: 32 | G18: Mechanical Technician | H18: Plant Maintenance | I18: Maintenance Repair Overhaul - STS | J18: - | K18: ไม่ได้รับการตรวจ
B19: 14 | C19: 16852-60 | D19: นาย กิตติพงศ์ ไพชำนาญ | E19: 04 มี.ค. 2535 | F19: 32 | G19: Engineer | H19: Maintenance Repair Overhaul - STS | I19: Maintenance Repair Overhaul - STS | J19: - | K19: ไม่ได้รับการตรวจ
B20: 15 | C20: 22376-59 | D20: นาย กิตติพงศ์ สหกโร | E20: 30 เม.ย. 2530 | F20: 37 | G20: พนักงานควบคุมเครื่องย่อย | H20: ผลิตหินย่อยและหินก่อสร้าง | I20: Quarry | J20: 5.9 | K20: ปกติ
B21: 16 | C21: 3969-43 | D21: นาย กิตติพงษ์ คงปลอด | E21: 02 ก.พ. 2520 | F21: 47 | G21: Mechanical Technician | H21: Plant Maintenance | I21: Maintenance Repair Overhaul - STS | J21: - | K21: ไม่ได้รับการตรวจ
B22: 17 | C22: 6256-66 | D22: นาย กิตติพงษ์ ดอกไม้ทอง | E22: 27 ก.ค. 2541 | F22: 25 | G22: #N/A | H22: #N/A | I22: #N/A | J22: - | K22: ไม่ได้รับการตรวจ
B23: 18 | C23: 24617-61 | D23: นาย กิตติพงษ์ ทองมี | E23: 20 เม.ย. 2535 | F23: 32 | G23: #N/A | H23: #N/A | I23: #N/A | J23: - | K23: ไม่ได้รับการตรวจ
B24: 19 | C24: 22368-59 | D24: นาย กิตติศักดิ์ ช้างกลาง | E24: 14 ก.พ. 2535 | F24: 32 | G24: พนักงานควบคุมจักรกลหนัก | H24: วางแผนและพัฒนาเหมือง | I24: Quarry | J24: - | K24: ไม่ได้รับการตรวจ
B25: 20 | C25: 22377-59 | D25: นาย กิตติศักดิ์ อ่วมคง | E25: 22 ส.ค. 2531 | F25: 35 | G25: พนักงานควบคุมเครื่องย่อย | H25: ผลิตหินย่อยและหินก่อสร้าง | I25: Quarry | J25: - | K25: ไม่ได้รับการตรวจ
B26: 21 | C26: 22436-59 | D26: นาย กิตติ ศิริพันธุ์ | E26: 29 มิ.ย. 2529 | F26: 38 | G26: พนักงานเหมืองแร่ | H26: จัดหาและเตรียมวัตถุดิบ | I26: Quarry | J26: - | K26: ไม่ได้รับการตรวจ
B27: 22 | C27: 4570-62 | D27: นาย กีรติ ทับทอง | E27: 11 พ.ค. 2531 | F27: 36 | G27: พนักงาน AFR | H27: AFR | I27: Operations | J27: - | K27: ไม่ได้รับการตรวจ
B28: 23 | C28: 24218-61 | D28: นาง กุลธิดา เครือสาย | E28: 27 มิ.ย. 2516 | F28: 51 | G28: พนักงานบริการลูกค้า | H28: บริการลูกค้า | I28: Operations | J28: 5.5 | K28: ปกติ
B29: 24 | C29: 19923-62 | D29: นาย เกรียงไกร คุณโลก | E29: 14 ธ.ค. 2513 | F29: 53 | G29: #N/A | H29: #N/A | I29: #N/A | J29: 7.6 | K29: ปกติ
B30: 25 | C30: 9075-50 | D30: นาย เกรียงไกร เซ่งเซี่ยง | E30: 25 เม.ย. 2527 | F30: 40 | G30: Mechanical Technician | H30: Plant Maintenance | I30: Maintenance Repair Overhaul - STS | J30: - | K30: ไม่ได้รับการตรวจ
B31: 26 | C31: 6253-66 | D31: นาย เกรียงไกร ธรรมโกศล | E31: 20 ธ.ค. 2536 | F31: 30 | G31: #N/A | H31: #N/A | I31: #N/A | J31: - | K31: ไม่ได้รับการตรวจ
B32: 27 | C32: 19837-62 | D32: นาย เกรียงศักดิ์ ชูดวงจันทร์ | E32: 11 มี.ค. 2526 | F32: 41 | G32: #N/A | H32: #N/A | I32: #N/A | J32: - | K32: ไม่ได้รับการตรวจ
B33: 28 | C33: 20003-62 | D33: นาย เกียรติศักดิ์ ทองทิพย์ | E33: 03 ก.ย. 2516 | F33: 50 | G33: #N/A | H33: #N/A | I33: #N/A | J33: - | K33: ไม่ได้รับการตรวจ
B34: 29 | C34: 17784-56 | D34: นาย เกียรติศักดิ์ ไสยฉิม | E34: 14 ม.ค. 2520 | F34: 47 | G34: พนักงานควบคุมจักรกลหนัก | H34: วางแผนและพัฒนาเหมือง | I34: Quarry | J34: - | K34: ไม่ได้รับการตรวจ
B35: 30 | C35: 24161-61 | D35: นาย โกมิน บวรศุภศรี | E35: 12 ส.ค. 2537 | F35: 29 | G35: Measurement and Analysis Technician | H35: Measurement and Analysis | I35: Maintenance Repair Overhaul - STS | J35: - | K35: ไม่ได้รับการตรวจ
B36: 31 | C36: 7408-51 | D36: นาย โกสินทร์ ศิริปทาวานิช | E36: 03 ต.ค. 2511 | F36: 55 | G36: ผู้ช่วยผู้จัดการตักและขนส่ง | H36: ผลิตหินก่อนย่อย | I36: Quarry | J36: - | K36: ไม่ได้รับการตรวจ
B37: 32 | C37: 4362-62 | D37: นาย ไกรศรี ผาสุข | E37: 27 พ.ค. 2515 | F37: 52 | G37: #N/A | H37: #N/A | I37: #N/A | J37: - | K37: ไม่ได้รับการตรวจ
B38: 33 | C38: 14885-56 | D38: นาย ไกวัล มวยดี | E38: 02 ก.พ. 2526 | F38: 41 | G38: Measurement and Analysis Technician | H38: Measurement and Analysis | I38: Maintenance Repair Overhaul - STS | J38: - | K38: ไม่ได้รับการตรวจ
B39: 34 | C39: 4216-61 | D39: นาย ขจรพงศ์ สุวรรณเพ็ชร | E39: 05 เม.ย. 2536 | F39: 31 | G39: พนักงาน Fuel & Export | H39: Fuel and Export | I39: Operations | J39: - | K39: ไม่ได้รับการตรวจ
B40: 35 | C40: 11762-64 | D40: น.ส. ขวัญวดี อามิตย์ | E40: 13 พ.ย. 2531 | F40: 35 | G40: #N/A | H40: #N/A | I40: #N/A | J40: - | K40: ไม่ได้รับการตรวจ
B41: 36 | C41: 25972-60 | D41: นาย คงศักย์ มูลจันทะ | E41: 06 ก.พ. 2510 | F41: 57 | G41: #N/A | H41: #N/A | I41: #N/A | J41: 7.5 | K41: ปกติ
B42: 37 | C42: 13651-51 | D42: นาย คณากร สังข์ทอง | E42: 27 ส.ค. 2530 | F42: 36 | G42: Electrical Technician | H42: Plant Maintenance | I42: Maintenance Repair Overhaul - STS | J42: - | K42: ไม่ได้รับการตรวจ
B43: 38 | C43: 7424-54 | D43: นาย คมกฤช รัตนกุล | E43: 07 มี.ค. 2531 | F43: 36 | G43: Electrical Technician | H43: Plant Maintenance | I43: Maintenance Repair Overhaul - STS | J43: - | K43: ไม่ได้รับการตรวจ
B44: 39 | C44: 14172-57 | D44: นาย คมสัน ปัญจะเภรี | E44: 16 มิ.ย. 2528 | F44: 39 | G44: Electrical Technician | H44: Plant Maintenance | I44: Maintenance Repair Overhaul - STS | J44: - | K44: ไม่ได้รับการตรวจ
B45: 40 | C45: 19810-62 | D45: นาย คำรณ ครองรักษ์ | E45: 27 มิ.ย. 2531 | F45: 36 | G45: พนักงานผลิตปูนเม็ด | H45: ผลิตปูนเม็ด TS5 | I45: Operations | J45: 10.0 | K45: ผิดปกติ
B46: 41 | C46: 19786-62 | D46: นาย จตุพล รัตนะ | E46: 11 ส.ค. 2534 | F46: 32 | G46: พนักงาน Biomass | H46: Biomass | I46: Operations | J46: - | K46: ไม่ได้รับการตรวจ
B47: 42 | C47: 19825-62 | D47: นาย จตุรงค์ ทองสีอ่อน | E47: 15 มิ.ย. 2536 | F47: 31 | G47: Maintenance Overhaul and Consultancy Technician - Mechanical | H47: Maintenance Overhaul and Consultancy - Mechanical | I47: Maintenance Repair Overhaul - STS | J47: - | K47: ไม่ได้รับการตรวจ
B48: 43 | C48: 20002-62 | D48: นาย จตุรงค์ เลขาวิจิตร์ | E48: 02 ก.พ. 2520 | F48: 47 | G48: Electrical Technician | H48: Plant Maintenance | I48: Maintenance Repair Overhaul - STS | J48: 6.2 | K48: ปกติ
B49: 44 | C49: 9073-50 | D49: นาย จตุรงค์ แอ้นไธสง | E49: 14 ส.ค. 2527 | F49: 39 | G49: พนักงานควบคุมจักรกลหนัก | H49: ผลิตหินก่อนย่อย | I49: Quarry | J49: - | K49: ไม่ได้รับการตรวจ
B50: 45 | C50: 5766-54 | D50: นาย จราวุฒิ มูณีรัตน์ | E50: 27 มี.ค. 2520 | F50: 47 | G50: ผู้ช่วยผู้จัดการประกันคุณภาพ | H50: ส่งเสริมการผลิต | I50: Operations | J50: - | K50: ไม่ได้รับการตรวจ
B51: 46 | C51: 19797-62 | D51: นาย จเร บัวอนนท์ | E51: 08 ก.ค. 2535 | F51: 32 | G51: Maintenance Overhaul and Consultancy Technician - Electrical | H51: Maintenance Overhaul and Consultancy - Electrical | I51: Maintenance Repair Overhaul - STS | J51: - | K51: ไม่ได้รับการตรวจ
B52: 47 | C52: 22429-59 | D52: นาย จักรกฤษณ์ ฤทธิ์ศรี | E52: 07 เม.ย. 2536 | F52: 31 | G52: พนักงานซ่อมบำรุงจักรกลหนัก | H52: ซ่อมบำรุงจักรกลหนัก | I52: Quarry | J52: - | K52: ไม่ได้รับการตรวจ
B53: 48 | C53: 20021-62 | D53: นาย จักรกฤษ์ มณีฉาย | E53: 17 ส.ค. 2536 | F53: 30 | G53: พนักงานผลิตไฟฟ้า | H53: Waste Heat Generator STS | I53: Operations | J53: - | K53: ไม่ได้รับการตรวจ
... B63: 58 | C63: 16107-59 | D63: นาย จิระวุฒิ พรหมนิมิตร์ | E63: 21 เม.ย. 2528 | F63: 39 | G63: พนักงานผลิตปูนเม็ด | H63: ผลิตปูนเม็ด TS5 | I63: Operations | J63: - | K63: ไม่ได้รับการตรวจ
B64: 59 | C64: 3157-54 | D64: นาย จิระศักดิ์ ธรรมศิลา | E64: 21 พ.ค. 2526 | F64: 41 | G64: #N/A | H64: #N/A | I64: #N/A | J64: - | K64: ไม่ได้รับการตรวจ
B65: 60 | C65: 978-56 | D65: นาย จิระศักดิ์ พรมแก้ว | E65: 08 มิ.ย. 2520 | F65: 47 | G65: พนักงานบรรจุและจ่ายซีเมนต์ | H65: บรรจุและจ่ายซีเมนต์ | I65: Operations | J65: - | K65: ไม่ได้รับการตรวจ
B66: 61 | C66: 2723-53 | D66: นาย จิระศักดิ์ ไพริน | E66: 08 มี.ค. 2519 | F66: 48 | G66: ผู้ช่วยผู้จัดการ Fuel & Export | H66: Fuel and Export | I66: Operations | J66: - | K66: ไม่ได้รับการตรวจ
B67: 62 | C67: 18306-58 | D67: น.ส. จีรนันท์ วงศ์สวัสดิ์ | E67: 04 ธ.ค. 2523 | F67: 43 | G67: BSE Operation Officer-STS | H67: BSE Operation - STS | I67: BSE Operation - STS | J67: - | K67: ไม่ได้รับการตรวจ
B68: 63 | C68: 2820-57 | D68: นาย จีรพงษ์ แซ่ลิ้ม | E68: 07 เม.ย. 2534 | F68: 33 | G68: พนักงานควบคุมจักรกลหนัก | H68: ผลิตหินก่อนย่อย | I68: Quarry | J68: - | K68: ไม่ได้รับการตรวจ
B69: 64 | C69: 19987-62 | D69: นาย จีรศักดิ์ คงบุรี | E69: 30 ม.ค. 2516 | F69: 51 | G69: #N/A | H69: #N/A | I69: #N/A | J69: - | K69: ไม่ได้รับการตรวจ
B70: 65 | C70: 6607-49 | D70: นาย จีรศักดิ์ เจริญพงศ์ | E70: 04 มิ.ย. 2524 | F70: 43 | G70: Customer Value Creation Staff | H70: Customer Value Creation | I70: Total Services and Solutions | J70: - | K70: ไม่ได้รับการตรวจ
B71: 66 | C71: 4392-62 | D71: นาย จีระพจน์ ทองเลี่ยมนาค | E71: 27 มี.ค. 2514 | F71: 53 | G71: #N/A | H71: #N/A | I71: #N/A | J71: - | K71: ไม่ได้รับการตรวจ
B72: 67 | C72: 2082-57 | D72: นาง จุฑารัตน์ คงศิริ | E72: 17 เม.ย. 2532 | F72: 35 | G72: พนักงานบริการลูกค้า | H72: บริการลูกค้า | I72: Operations | J72: 4.8 | K72: ปกติ
B73: 68 | C73: 26666-48 | D73: นาย เจตร กัญจนกาญจน์ | E73: 04 พ.ย. 2519 | F73: 47 | G73: Measurement and Analysis Supervisor | H73: Measurement and Analysis | I73: Maintenance Repair Overhaul - STS | J73: - | K73: ไม่ได้รับการตรวจ
B74: 69 | C74: 24631-61 | D74: นาย เจริญชัย สุนทรา | E74: 21 ก.พ. 2528 | F74: 39 | G74: Maintenance Overhaul and Consultancy Technician - Electrical | H74: Maintenance Overhaul and Consultancy - Electrical | I74: Maintenance Repair Overhaul - STS | J74: - | K74: ไม่ได้รับการตรวจ
B75: 70 | C75: 13250-48 | D75: นาย เจริญศักดิ์ เหลืองอุ่มพล | E75: 13 ก.ย. 2518 | F75: 48 | G75: Engineering Workshop - Mechanical Technician | H75: Maintenance Workshop Service | I75: Maintenance Workshop Service | J75: - | K75: ไม่ได้รับการตรวจ
B76: 71 | C76: 24630-61 | D76: นาย เจษฎา รัตนานุกูล | E76: 30 พ.ค. 2536 | F76: 31 | G76: พนักงานผลิตซีเมนต์ | H76: ผลิตซีเมนต์ | I76: Operations | J76: - | K76: ไม่ได้รับการตรวจ
B77: 72 | C77: 19843-62 | D77: นาย ฉัตรชัย แขกเทพ | E77: 25 ส.ค. 2531 | F77: 35 | G77: พนักงานผลิตถุงกระดาษ | H77: ผลิตถุงกระดาษ | I77: Operations | J77: - | K77: ไม่ได้รับการตรวจ
B78: 73 | C78: 17349-46 | D78: นาย ฉัตรชัย ตันติพุฒิกุล | E78: 10 ก.ย. 2511 | F78: 55 | G78: Assistant Manager | H78: Supply Chain and Logistic Management | I78: Supply Chain and Logistic Management | J78: 6.5 | K78: ปกติ
B79: 74 | C79: 23901-61 | D79: นาย ฉัตรชัย แผ้วพาล | E79: 18 ก.ค. 2532 | F79: 35 | G79: Mechanical Technician | H79: Plant Maintenance | I79: Maintenance Repair Overhaul - STS | J79: - | K79: ไม่ได้รับการตรวจ
B80: 75 | C80: 5029-66 | D80: นาย ฉัตริน ดิษฐวิทย์ | E80: 08 พ.ย. 2531 | F80: 35 | G80: #N/A | H80: #N/A | I80: #N/A | J80: - | K80: ไม่ได้รับการตรวจ
B81: 76 | C81: 902-54 | D81: นาย เฉลิมชัย ตะหมัง | E81: 04 ธ.ค. 2531 | F81: 35 | G81: พนักงานซ่อมบำรุงจักรกลหนัก | H81: ซ่อมบำรุงจักรกลหนัก | I81: Quarry | J81: - | K81: ไม่ได้รับการตรวจ
B82: 77 | C82: 6211-66 | D82: นาย เฉลิมชัย นาฉิม | E82: 03 ก.ย. 2534 | F82: 32 | G82: #N/A | H82: #N/A | I82: #N/A | J82: - | K82: ไม่ได้รับการตรวจ
B83: 78 | C83: 9939-54 | D83: นาย เฉลิมชัย รงค์ฤทธิ์ไชย | E83: 05 ธ.ค. 2515 | F83: 51 | G83: ผู้ช่วยผู้จัดการตักและขนส่ง | H83: ผลิตหินก่อนย่อย | I83: Quarry | J83: - | K83: ไม่ได้รับการตรวจ
B84: 79 | C84: 19838-62 | D84: นาย ชัชลัญ แสงจันทร์ | E84: 04 พ.ค. 2532 | F84: 35 | G84: Mechanical Technician | H84: Plant Maintenance | I84: Maintenance Repair Overhaul - STS | J84: - | K84: ไม่ได้รับการตรวจ
B85: 80 | C85: 18500-50 | D85: นาย ชัยภัทร ปิยะเกศกุล | E85: 11 ก.ค. 2519 | F85: 48 | G85: พนักงานซ่อมบำรุงจักรกลหนัก | H85: ซ่อมบำรุงจักรกลหนัก | I85: Quarry | J85: 6.6 | K85: ปกติ
B86: 81 | C86: 6107-66 | D86: นาย ชัยยันต์ สอาดม่วง | E86: 21 ส.ค. 2516 | F86: 50 | G86: #N/A | H86: #N/A | I86: #N/A | J86: - | K86: ไม่ได้รับการตรวจ
B87: 82 | C87: 11766-64 | D87: นาย ชัยยุทธ ไพฑูรย์ | E87: 30 เม.ย. 2511 | F87: 56 | G87: #N/A | H87: #N/A | I87: #N/A | J87: - | K87: ไม่ได้รับการตรวจ
B88: 83 | C88: 22404-59 | D88: นาย ชาคร จิระแพทย์ | E88: 14 มิ.ย. 2535 | F88: 32 | G88: พนักงานควบคุมจักรกลหนัก | H88: ผลิตหินก่อนย่อย | I88: Quarry | J88: - | K88: ไม่ได้รับการตรวจ
B89: 84 | C89: 7624-60 | D89: นาย ชาญณรงค์ เกิดขุมทอง | E89: 18 ม.ค. 2528 | F89: 39 | G89: #N/A | H89: #N/A | I89: #N/A | J89: - | K89: ไม่ได้รับการตรวจ
B90: 85 | C90: 18387-52 | D90: นาย ชาญยุทธ แก้วใจจง | E90: 04 ต.ค. 2528 | F90: 38 | G90: พนักงานผลิตปูนเม็ด | H90: ผลิตปูนเม็ด TS4 | I90: Operations | J90: - | K90: ไม่ได้รับการตรวจ
B91: 86 | C91: 19926-62 | D91: นาย ชาตรี ทองนาค | E91: 08 มิ.ย. 2515 | F91: 52 | G91: Technical and Maintenance Planning Manager | H91: Plant Maintenance | I91: Maintenance Repair Overhaul - STS | J91: - | K91: ไม่ได้รับการตรวจ
B92: 87 | C92: 6990-67 | D92: นาย ชานน อติวีระกุล | E92: 28 เม.ย. 2536 | F92: 31 | G92: #N/A | H92: #N/A | I92: #N/A | J92: - | K92: ไม่ได้รับการตรวจ
B93: 88 | C93: 20869-48 | D93: นาย ชำนาญ โชคไพศาล | E93: 11 ก.ย. 2523 | F93: 43 | G93: Electrical Technician | H93: Plant Maintenance | I93: Maintenance Repair Overhaul - STS | J93: - | K93: ไม่ได้รับการตรวจ
B94: 89 | C94: 14118-58 | D94: นาย เชาวรัตน์ บุญตั้ง | E94: 26 ก.ค. 2520 | F94: 46 | G94: พนักงานควบคุมจักรกลหนัก | H94: ผลิตหินก่อนย่อย | I94: Quarry | J94: - | K94: ไม่ได้รับการตรวจ
B95: 90 | C95: 4333-62 | D95: นาย โชคชัย ขบวนสาร | E95: 14 ม.ค. 2532 | F95: 35 | G95: #N/A | H95: #N/A | I95: #N/A | J95: - | K95: ไม่ได้รับการตรวจ
B96: 91 | C96: 14180-60 | D96: นาย โชคชัย พิทักษ์บุตร | E96: 16 มี.ค. 2535 | F96: 32 | G96: พนักงาน Biomass - จัดหา | H96: Biomass | I96: Operations | J96: - | K96: ไม่ได้รับการตรวจ
B97: 92 | C97: 16942-59 | D97: นาย ไชยยงค์ ชูชาติ | E97: 05 พ.ค. 2534 | F97: 33 | G97: พนักงานผลิตไฟฟ้า | H97: Waste Heat Generator STS | I97: Operations | J97: - | K97: ไม่ได้รับการตรวจ
B98: 93 | C98: 24501-61 | D98: นาย ไชยวัฒน์ พุทธวงศ์ | E98: 06 ก.ค. 2535 | F98: 32 | G98: Electrical Technician | H98: Plant Maintenance | I98: Maintenance Repair Overhaul - STS | J98: - | K98: ไม่ได้รับการตรวจ
B99: 94 | C99: 6609-49 | D99: นาย ญาณพงศ์ ตู้เซ่ง | E99: 04 ต.ค. 2528 | F99: 38 | G99: Measurement and Analysis Technician | H99: Measurement and Analysis | I99: Maintenance Repair Overhaul - STS | J99: - | K99: ไม่ได้รับการตรวจ
B100: 95 | C100: 13955-43 | D100: นาย ณฐพงศ์ หมื่นละม้าย | E100: 21 พ.ค. 2516 | F100: 51 | G100: พนักงานบรรจุและจ่ายซีเมนต์ | H100: บรรจุและจ่ายซีเมนต์ | I100: Operations | J100: - | K100: ไม่ได้รับการตรวจ
B101: 96 | C101: 4527-62 | D101: นาย ณรงค์ พลกูล | E101: 27 ก.พ. 2519 | F101: 48 | G101: Customer Value Creation Staff | H101: Customer Value Creation | I101: Total Services and Solutions | J101: - | K101: ไม่ได้รับการตรวจ
B102: 97 | C102: 24295-61 | D102: นาย ณรงค์ ลาภจุติ | E102: 29 พ.ค. 2518 | F102: 49 | G102: พนักงานผลิตปูนเม็ด | H102: ผลิตปูนเม็ด TS4 | I102: Operations | J102: - | K102: ไม่ได้รับการตรวจ
B103: 98 | C103: 777-58 | D103: นาย ณรงค์ ศรีอนุรักษ์ | E103: 03 ต.ค. 2520 | F103: 46 | G103: พนักงานบัญชีจ่าย | H103: ผลิตถุงกระดาษ | I103: Operations | J103: - | K103: ไม่ได้รับการตรวจ
B104: 99 | C104: 21456-49 | D104: นาย ณัฏฐวัฒน์ กิจเยาวสงค์ | E104: 09 มิ.ย. 2513 | F104: 54 | G104: Assistant Manager Customer Value Creation | H104: Customer Value Creation | I104: Total Services and Solutions | J104: - | K104: ไม่ได้รับการตรวจ
B105: 100 | C105: 2696-49 | D105: นาย ณัฐกิจ แดงสิน | E105: 12 ธ.ค. 2519 | F105: 47 | G105: นักบัญชี | H105: CAD | I105: CAD | J105: - | K105: ไม่ได้รับการตรวจ
B106: 101 | C106: 20186-62 | D106: นาย ณัฐชนน สาธุวงค์ | E106: 17 ส.ค. 2537 | F106: 29 | G106: #N/A | H106: #N/A | I106: #N/A | J106: - | K106: ไม่ได้รับการตรวจ
B107: 102 | C107: 8720-61 | D107: นาย ณัฐพงศ์ กรรเชียง | E107: 05 เม.ย. 2535 | F107: 32 | G107: Maintenance Overhaul and Consultancy Technician - Electrical | H107: Maintenance Overhaul and Consultancy - Electrical | I107: Maintenance Repair Overhaul - STS | J107: - | K107: ไม่ได้รับการตรวจ
B108: 103 | C108: 19783-62 | D108: นาย ณัฐพงศ์ บุษปะเวศ | E108: 24 ส.ค. 2533 | F108: 33 | G108: BSE Operation Manager-STS | H108: BSE Operation - STS | I108: BSE Operation - STS | J108: - | K108: ไม่ได้รับการตรวจ
B109: 104 | C109: 4597-62 | D109: นาย ณัฐพงษ์ เส่งตี๋ | E109: 06 พ.ค. 2530 | F109: 37 | G109: Electrical Technician | H109: Plant Maintenance | I109: Maintenance Repair Overhaul - STS | J109: - | K109: ไม่ได้รับการตรวจ
B110: 105 | C110: 22405-59 | D110: นาย ณัฐพล โต๊ะยี | E110: 07 ธ.ค. 2535 | F110: 31 | G110: พนักงานควบคุมจักรกลหนัก | H110: ผลิตหินก่อนย่อย | I110: Quarry | J110: - | K110: ไม่ได้รับการตรวจ
...

Sheet การติดเชื้อไวรัสตับอักเสบบีHBsA
B1: ผลการตรวจการติดเชื้อไวรัสตับอักเสบ บี (Hepatitis B serface Antigen)
B3: No | C3: HN | D3: ชื่อ - สกุล | E3: วัน/เดือน/ปีเกิด | F3: อายุ | G3: ตำแหน่งงาน | H3: หน่วยงาน | I3: ส่วน (สำหรับพนักงาน) | J3: ผลการตรวจการติดเชื้อไวรัสตับอักเสบบี (Hbs Ag) | K3: ผลการตรวจหาเชื้อไวรัสตับอักเสบบี
K4: ค่าปกติ Negative
B5: 1 | C5: 14471-58 | D5: นาง กมลทิพย์ ขบวนสาร | E5: 07 มิ.ย. 2527 | F5: 40 | G5: พนักงานธุรการ | H5: Operations | I5: Operations | J5: Positive | K5: ผิดปกติ
B6: 2 | C6: 165-57 | D6: นาย กรณัฐพงษ์ เรืองระพีพรรณ | E6: 04 เม.ย. 2533 | F6: 34 | G6: #N/A | H6: #N/A | I6: #N/A | J6: - | K6: ไม่ได้รับการตรวจ | M6: การติดเชื้อไวรัสตับอักเสบบี
B7: 3 | C7: 9043-49 | D7: น.ส. กฤติกา หมัดโส๊ะ | E7: 01 ม.ค. 2528 | F7: 39 | G7: พนักงานเทคโนโลยีสารสนเทศ | H7: เทคโนโลยีสารสนเทศ | I7: MD Office | J7: - | K7: ไม่ได้รับการตรวจ | M7: ปกติ | N7: 59
B8: 4 | C8: 5101-50 | D8: นาย กฤษฎากรณ์ เดชะราช | E8: 18 มิ.ย. 2515 | F8: 52 | G8: Technical and Maintenance Planning Manager | H8: Plant Maintenance | I8: Maintenance Repair Overhaul - STS | J8: - | K8: ไม่ได้รับการตรวจ | M8: ผิดปกติ | N8: 1
B9: 5 | C9: 13350-56 | D9: นาย กฤษณรักษ์ รัตนะ | E9: 12 พ.ย. 2530 | F9: 36 | G9: พนักงานซ่อมบำรุงจักรกลหนัก | H9: ซ่อมบำรุงจักรกลหนัก | I9: Quarry | J9: - | K9: ไม่ได้รับการตรวจ | M9: รวม | N9: 60
B10: 6 | C10: 20669-60 | D10: นาย กฤษดา หนูหอ | E10: 25 เม.ย. 2520 | F10: 47 | G10: Maintenance Overhaul and Consultancy Technician - Electrical | H10: Maintenance Overhaul and Consultancy - Electrical | I10: Maintenance Repair Overhaul - STS | J10: - | K10: ไม่ได้รับการตรวจ
B11: 7 | C11: 20050-65 | D11: นาย กวิศ แซ่ตั้ง | E11: 01 ม.ค. 2535 | F11: 32 | G11: #N/A | H11: #N/A | I11: #N/A | J11: - | K11: ไม่ได้รับการตรวจ
B12: 8 | C12: 11980-47 | D12: นาย ก้องทัย คุณโลก | E12: 17 มี.ค. 2512 | F12: 55 | G12: Mechanical Maintenance Manager – Clinker | H12: Plant Maintenance | I12: Maintenance Repair Overhaul - STS | J12: - | K12: ไม่ได้รับการตรวจ
B13: 9 | C13: 443-50 | D13: นาย กัญจน์ภัสสรณ์ พรหมแสง | E13: 05 มิ.ย. 2519 | F13: 48 | G13: #N/A | H13: #N/A | I13: #N/A | J13: - | K13: ไม่ได้รับการตรวจ
B14: 10 | C14: 19597-49 | D14: น.ส. กัญธนัช ศรีโยธา | E14: 14 ต.ค. 2528 | F14: 38 | G14: BSE Assistant Manager-South Chain | H14: BSE South Chain | I14: BSE South Chain | J14: - | K14: ไม่ได้รับการตรวจ
B15: 11 | C15: 24355-61 | D15: นาง กาญจนา ลีลารุจนกุล | E15: 13 ต.ค. 2535 | F15: 31 | G15: BSE Operation Officer-STS | H15: BSE Operation - STS | I15: BSE Operation - STS | J15: - | K15: ไม่ได้รับการตรวจ
B16: 12 | C16: 11655-54 | D16: นาย ก้าน สิทธิวงศ์ | E16: 28 ก.ค. 2525 | F16: 41 | G16: พนักงานผลิตถุงกระดาษ | H16: ผลิตถุงกระดาษ | I16: Operations | J16: Negative | K16: ปกติ
B17: 13 | C17: 4482-62 | D17: นาย กิตตินันท์ จันทกูล | E17: 27 ก.ย. 2534 | F17: 32 | G17: Mechanical Technician | H17: Plant Maintenance | I17: Maintenance Repair Overhaul - STS | J17: - | K17: ไม่ได้รับการตรวจ
B18: 14 | C18: 16852-60 | D18: นาย กิตติพงศ์ ไพชำนาญ | E18: 04 มี.ค. 2535 | F18: 32 | G18: Engineer | H18: Maintenance Repair Overhaul - STS | I18: Maintenance Repair Overhaul - STS | J18: - | K18: ไม่ได้รับการตรวจ
B19: 15 | C19: 22376-59 | D19: นาย กิตติพงศ์ สหกโร | E19: 30 เม.ย. 2530 | F19: 37 | G19: พนักงานควบคุมเครื่องย่อย | H19: ผลิตหินย่อยและหินก่อสร้าง | I19: Quarry | J19: - | K19: ไม่ได้รับการตรวจ
B20: 16 | C20: 3969-43 | D20: นาย กิตติพงษ์ คงปลอด | E20: 02 ก.พ. 2520 | F20: 47 | G20: Mechanical Technician | H20: Plant Maintenance | I20: Maintenance Repair Overhaul - STS | J20: - | K20: ไม่ได้รับการตรวจ
B21: 17 | C21: 6256-66 | D21: นาย กิตติพงษ์ ดอกไม้ทอง | E21: 27 ก.ค. 2541 | F21: 25 | G21: #N/A | H21: #N/A | I21: #N/A | J21: - | K21: ไม่ได้รับการตรวจ
B22: 18 | C22: 24617-61 | D22: นาย กิตติพงษ์ ทองมี | E22: 20 เม.ย. 2535 | F22: 32 | G22: #N/A | H22: #N/A | I22: #N/A | J22: - | K22: ไม่ได้รับการตรวจ
B23: 19 | C23: 22368-59 | D23: นาย กิตติศักดิ์ ช้างกลาง | E23: 14 ก.พ. 2535 | F23: 32 | G23: พนักงานควบคุมจักรกลหนัก | H23: วางแผนและพัฒนาเหมือง | I23: Quarry | J23: - | K23: ไม่ได้รับการตรวจ
B24: 20 | C24: 22377-59 | D24: นาย กิตติศักดิ์ อ่วมคง | E24: 22 ส.ค. 2531 | F24: 35 | G24: พนักงานควบคุมเครื่องย่อย | H24: ผลิตหินย่อยและหินก่อสร้าง | I24: Quarry | J24: - | K24: ไม่ได้รับการตรวจ
B25: 21 | C25: 22436-59 | D25: นาย กิตติ ศิริพันธุ์ | E25: 29 มิ.ย. 2529 | F25: 38 | G25: พนักงานเหมืองแร่ | H25: จัดหาและเตรียมวัตถุดิบ | I25: Quarry | J25: - | K25: ไม่ได้รับการตรวจ
B26: 22 | C26: 4570-62 | D26: นาย กีรติ ทับทอง | E26: 11 พ.ค. 2531 | F26: 36 | G26: พนักงาน AFR | H26: AFR | I26: Operations | J26: Negative | K26: ปกติ
B27: 23 | C27: 24218-61 | D27: นาง กุลธิดา เครือสาย | E27: 27 มิ.ย. 2516 | F27: 51 | G27: พนักงานบริการลูกค้า | H27: บริการลูกค้า | I27: Operations | J27: - | K27: ไม่ได้รับการตรวจ
B28: 24 | C28: 19923-62 | D28: นาย เกรียงไกร คุณโลก | E28: 14 ธ.ค. 2513 | F28: 53 | G28: #N/A | H28: #N/A | I28: #N/A | J28: Negative | K28: ปกติ
B29: 25 | C29: 9075-50 | D29: นาย เกรียงไกร เซ่งเซี่ยง | E29: 25 เม.ย. 2527 | F29: 40 | G29: Mechanical Technician | H29: Plant Maintenance | I29: Maintenance Repair Overhaul - STS | J29: Negative | K29: ปกติ
B30: 26 | C30: 6253-66 | D30: นาย เกรียงไกร ธรรมโกศล | E30: 20 ธ.ค. 2536 | F30: 30 | G30: #N/A | H30: #N/A | I30: #N/A | J30: - | K30: ไม่ได้รับการตรวจ
B31: 27 | C31: 19837-62 | D31: นาย เกรียงศักดิ์ ชูดวงจันทร์ | E31: 11 มี.ค. 2526 | F31: 41 | G31: #N/A | H31: #N/A | I31: #N/A | J31: - | K31: ไม่ได้รับการตรวจ
B32: 28 | C32: 20003-62 | D32: นาย เกียรติศักดิ์ ทองทิพย์ | E32: 03 ก.ย. 2516 | F32: 50 | G32: #N/A | H32: #N/A | I32: #N/A | J32: - | K32: ไม่ได้รับการตรวจ
B33: 29 | C33: 17784-56 | D33: นาย เกียรติศักดิ์ ไสยฉิม | E33: 14 ม.ค. 2520 | F33: 47 | G33: พนักงานควบคุมจักรกลหนัก | H33: วางแผนและพัฒนาเหมือง | I33: Quarry | J33: - | K33: ไม่ได้รับการตรวจ
B34: 30 | C34: 24161-61 | D34: นาย โกมิน บวรศุภศรี | E34: 12 ส.ค. 2537 | F34: 29 | G34: Measurement and Analysis Technician | H34: Measurement and Analysis | I34: Maintenance Repair Overhaul - STS | J34: - | K34: ไม่ได้รับการตรวจ
B35: 31 | C35: 7408-51 | D35: นาย โกสินทร์ ศิริปทาวานิช | E35: 03 ต.ค. 2511 | F35: 55 | G35: ผู้ช่วยผู้จัดการตักและขนส่ง | H35: ผลิตหินก่อนย่อย | I35: Quarry | J35: - | K35: ไม่ได้รับการตรวจ
B36: 32 | C36: 4362-62 | D36: นาย ไกรศรี ผาสุข | E36: 27 พ.ค. 2515 | F36: 52 | G36: #N/A | H36: #N/A | I36: #N/A | J36: Negative | K36: ปกติ
B37: 33 | C37: 14885-56 | D37: นาย ไกวัล มวยดี | E37: 02 ก.พ. 2526 | F37: 41 | G37: Measurement and Analysis Technician | H37: Measurement and Analysis | I37: Maintenance Repair Overhaul - STS | J37: - | K37: ไม่ได้รับการตรวจ
B38: 34 | C38: 4216-61 | D38: นาย ขจรพงศ์ สุวรรณเพ็ชร | E38: 05 เม.ย. 2536 | F38: 31 | G38: พนักงาน Fuel & Export | H38: Fuel and Export | I38: Operations | J38: - | K38: ไม่ได้รับการตรวจ
B39: 35 | C39: 11762-64 | D39: น.ส. ขวัญวดี อามิตย์ | E39: 13 พ.ย. 2531 | F39: 35 | G39: #N/A | H39: #N/A | I39: #N/A | J39: Negative | K39: ปกติ
B40: 36 | C40: 25972-60 | D40: นาย คงศักย์ มูลจันทะ | E40: 06 ก.พ. 2510 | F40: 57 | G40: #N/A | H40: #N/A | I40: #N/A | J40: Negative | K40: ปกติ
B41: 37 | C41: 13651-51 | D41: นาย คณากร สังข์ทอง | E41: 27 ส.ค. 2530 | F41: 36 | G41: Electrical Technician | H41: Plant Maintenance | I41: Maintenance Repair Overhaul - STS | J41: - | K41: ไม่ได้รับการตรวจ
B42: 38 | C42: 7424-54 | D42: นาย คมกฤช รัตนกุล | E42: 07 มี.ค. 2531 | F42: 36 | G42: Electrical Technician | H42: Plant Maintenance | I42: Maintenance Repair Overhaul - STS | J42: - | K42: ไม่ได้รับการตรวจ
B43: 39 | C43: 14172-57 | D43: นาย คมสัน ปัญจะเภรี | E43: 16 มิ.ย. 2528 | F43: 39 | G43: Electrical Technician | H43: Plant Maintenance | I43: Maintenance Repair Overhaul - STS | J43: - | K43: ไม่ได้รับการตรวจ
B44: 40 | C44: 19810-62 | D44: นาย คำรณ ครองรักษ์ | E44: 27 มิ.ย. 2531 | F44: 36 | G44: พนักงานผลิตปูนเม็ด | H44: ผลิตปูนเม็ด TS5 | I44: Operations | J44: Negative | K44: ปกติ
B45: 41 | C45: 19786-62 | D45: นาย จตุพล รัตนะ | E45: 11 ส.ค. 2534 | F45: 32 | G45: พนักงาน Biomass | H45: Biomass | I45: Operations | J45: - | K45: ไม่ได้รับการตรวจ
B46: 42 | C46: 19825-62 | D46: นาย จตุรงค์ ทองสีอ่อน | E46: 15 มิ.ย. 2536 | F46: 31 | G46: Maintenance Overhaul and Consultancy Technician - Mechanical | H46: Maintenance Overhaul and Consultancy - Mechanical | I46: Maintenance Repair Overhaul - STS | J46: - | K46: ไม่ได้รับการตรวจ
B47: 43 | C47: 20002-62 | D47: นาย จตุรงค์ เลขาวิจิตร์ | E47: 02 ก.พ. 2520 | F47: 47 | G47: Electrical Technician | H47: Plant Maintenance | I47: Maintenance Repair Overhaul - STS | J47: Negative | K47: ปกติ
B48: 44 | C48: 9073-50 | D48: นาย จตุรงค์ แอ้นไธสง | E48: 14 ส.ค. 2527 | F48: 39 | G48: พนักงานควบคุมจักรกลหนัก | H48: ผลิตหินก่อนย่อย | I48: Quarry | J48: - | K48: ไม่ได้รับการตรวจ
B49: 45 | C49: 5766-54 | D49: นาย จราวุฒิ มูณีรัตน์ | E49: 27 มี.ค. 2520 | F49: 47 | G49: ผู้ช่วยผู้จัดการประกันคุณภาพ | H49: ส่งเสริมการผลิต | I49: Operations | J49: - | K49: ไม่ได้รับการตรวจ
B50: 46 | C50: 19797-62 | D50: นาย จเร บัวอนนท์ | E50: 08 ก.ค. 2535 | F50: 32 | G50: Maintenance Overhaul and Consultancy Technician - Electrical | H50: Maintenance Overhaul and Consultancy - Electrical | I50: Maintenance Repair Overhaul - STS | J50: - | K50: ไม่ได้รับการตรวจ
B51: 47 | C51: 22429-59 | D51: นาย จักรกฤษณ์ ฤทธิ์ศรี | E51: 07 เม.ย. 2536 | F51: 31 | G51: พนักงานซ่อมบำรุงจักรกลหนัก | H51: ซ่อมบำรุงจักรกลหนัก | I51: Quarry | J51: - | K51: ไม่ได้รับการตรวจ
B52: 48 | C52: 20021-62 | D52: นาย จักรกฤษ์ มณีฉาย | E52: 17 ส.ค. 2536 | F52: 30 | G52: พนักงานผลิตไฟฟ้า | H52: Waste Heat Generator STS | I52: Operations | J52: - | K52: ไม่ได้รับการตรวจ
... B62: 58 | C62: 16107-59 | D62: นาย จิระวุฒิ พรหมนิมิตร์ | E62: 21 เม.ย. 2528 | F62: 39 | G62: พนักงานผลิตปูนเม็ด | H62: ผลิตปูนเม็ด TS5 | I62: Operations | J62: - | K62: ไม่ได้รับการตรวจ
B63: 59 | C63: 3157-54 | D63: นาย จิระศักดิ์ ธรรมศิลา | E63: 21 พ.ค. 2526 | F63: 41 | G63: #N/A | H63: #N/A | I63: #N/A | J63: Negative | K63: ปกติ
B64: 60 | C64: 978-56 | D64: นาย จิระศักดิ์ พรมแก้ว | E64: 08 มิ.ย. 2520 | F64: 47 | G64: พนักงานบรรจุและจ่ายซีเมนต์ | H64: บรรจุและจ่ายซีเมนต์ | I64: Operations | J64: - | K64: ไม่ได้รับการตรวจ
B65: 61 | C65: 2723-53 | D65: นาย จิระศักดิ์ ไพริน | E65: 08 มี.ค. 2519 | F65: 48 | G65: ผู้ช่วยผู้จัดการ Fuel & Export | H65: Fuel and Export | I65: Operations | J65: - | K65: ไม่ได้รับการตรวจ
B66: 62 | C66: 18306-58 | D66: น.ส. จีรนันท์ วงศ์สวัสดิ์ | E66: 04 ธ.ค. 2523 | F66: 43 | G66: BSE Operation Officer-STS | H66: BSE Operation - STS | I66: BSE Operation - STS | J66: - | K66: ไม่ได้รับการตรวจ
B67: 63 | C67: 2820-57 | D67: นาย จีรพงษ์ แซ่ลิ้ม | E67: 07 เม.ย. 2534 | F67: 33 | G67: พนักงานควบคุมจักรกลหนัก | H67: ผลิตหินก่อนย่อย | I67: Quarry | J67: - | K67: ไม่ได้รับการตรวจ
B68: 64 | C68: 19987-62 | D68: นาย จีรศักดิ์ คงบุรี | E68: 30 ม.ค. 2516 | F68: 51 | G68: #N/A | H68: #N/A | I68: #N/A | J68: - | K68: ไม่ได้รับการตรวจ
B69: 65 | C69: 6607-49 | D69: นาย จีรศักดิ์ เจริญพงศ์ | E69: 04 มิ.ย. 2524 | F69: 43 | G69: Customer Value Creation Staff | H69: Customer Value Creation | I69: Total Services and Solutions | J69: - | K69: ไม่ได้รับการตรวจ
B70: 66 | C70: 4392-62 | D70: นาย จีระพจน์ ทองเลี่ยมนาค | E70: 27 มี.ค. 2514 | F70: 53 | G70: #N/A | H70: #N/A | I70: #N/A | J70: - | K70: ไม่ได้รับการตรวจ
B71: 67 | C71: 2082-57 | D71: นาง จุฑารัตน์ คงศิริ | E71: 17 เม.ย. 2532 | F71: 35 | G71: พนักงานบริการลูกค้า | H71: บริการลูกค้า | I71: Operations | J71: - | K71: ไม่ได้รับการตรวจ
B72: 68 | C72: 26666-48 | D72: นาย เจตร กัญจนกาญจน์ | E72: 04 พ.ย. 2519 | F72: 47 | G72: Measurement and Analysis Supervisor | H72: Measurement and Analysis | I72: Maintenance Repair Overhaul - STS | J72: - | K72: ไม่ได้รับการตรวจ
B73: 69 | C73: 24631-61 | D73: นาย เจริญชัย สุนทรา | E73: 21 ก.พ. 2528 | F73: 39 | G73: Maintenance Overhaul and Consultancy Technician - Electrical | H73: Maintenance Overhaul and Consultancy - Electrical | I73: Maintenance Repair Overhaul - STS | J73: Negative | K73: ปกติ
B74: 70 | C74: 13250-48 | D74: นาย เจริญศักดิ์ เหลืองอุ่มพล | E74: 13 ก.ย. 2518 | F74: 48 | G74: Engineering Workshop - Mechanical Technician | H74: Maintenance Workshop Service | I74: Maintenance Workshop Service | J74: - | K74: ไม่ได้รับการตรวจ
B75: 71 | C75: 24630-61 | D75: นาย เจษฎา รัตนานุกูล | E75: 30 พ.ค. 2536 | F75: 31 | G75: พนักงานผลิตซีเมนต์ | H75: ผลิตซีเมนต์ | I75: Operations | J75: - | K75: ไม่ได้รับการตรวจ
B76: 72 | C76: 19843-62 | D76: นาย ฉัตรชัย แขกเทพ | E76: 25 ส.ค. 2531 | F76: 35 | G76: พนักงานผลิตถุงกระดาษ | H76: ผลิตถุงกระดาษ | I76: Operations | J76: - | K76: ไม่ได้รับการตรวจ
B77: 73 | C77: 17349-46 | D77: นาย ฉัตรชัย ตันติพุฒิกุล | E77: 10 ก.ย. 2511 | F77: 55 | G77: Assistant Manager | H77: Supply Chain and Logistic Management | I77: Supply Chain and Logistic Management | J77: - | K77: ไม่ได้รับการตรวจ
B78: 74 | C78: 23901-61 | D78: นาย ฉัตรชัย แผ้วพาล | E78: 18 ก.ค. 2532 | F78: 35 | G78: Mechanical Technician | H78: Plant Maintenance | I78: Maintenance Repair Overhaul - STS | J78: - | K78: ไม่ได้รับการตรวจ
B79: 75 | C79: 5029-66 | D79: นาย ฉัตริน ดิษฐวิทย์ | E79: 08 พ.ย. 2531 | F79: 35 | G79: #N/A | H79: #N/A | I79: #N/A | J79: - | K79: ไม่ได้รับการตรวจ
B80: 76 | C80: 902-54 | D80: นาย เฉลิมชัย ตะหมัง | E80: 04 ธ.ค. 2531 | F80: 35 | G80: พนักงานซ่อมบำรุงจักรกลหนัก | H80: ซ่อมบำรุงจักรกลหนัก | I80: Quarry | J80: - | K80: ไม่ได้รับการตรวจ
B81: 77 | C81: 6211-66 | D81: นาย เฉลิมชัย นาฉิม | E81: 03 ก.ย. 2534 | F81: 32 | G81: #N/A | H81: #N/A | I81: #N/A | J81: Negative | K81: ปกติ
B82: 78 | C82: 9939-54 | D82: นาย เฉลิมชัย รงค์ฤทธิ์ไชย | E82: 05 ธ.ค. 2515 | F82: 51 | G82: ผู้ช่วยผู้จัดการตักและขนส่ง | H82: ผลิตหินก่อนย่อย | I82: Quarry | J82: - | K82: ไม่ได้รับการตรวจ
B83: 79 | C83: 19838-62 | D83: นาย ชัชลัญ แสงจันทร์ | E83: 04 พ.ค. 2532 | F83: 35 | G83: Mechanical Technician | H83: Plant Maintenance | I83: Maintenance Repair Overhaul - STS | J83: - | K83: ไม่ได้รับการตรวจ
B84: 80 | C84: 18500-50 | D84: นาย ชัยภัทร ปิยะเกศกุล | E84: 11 ก.ค. 2519 | F84: 48 | G84: พนักงานซ่อมบำรุงจักรกลหนัก | H84: ซ่อมบำรุงจักรกลหนัก | I84: Quarry | J84: - | K84: ไม่ได้รับการตรวจ
B85: 81 | C85: 6107-66 | D85: นาย ชัยยันต์ สอาดม่วง | E85: 21 ส.ค. 2516 | F85: 50 | G85: #N/A | H85: #N/A | I85: #N/A | J85: - | K85: ไม่ได้รับการตรวจ
B86: 82 | C86: 11766-64 | D86: นาย ชัยยุทธ ไพฑูรย์ | E86: 30 เม.ย. 2511 | F86: 56 | G86: #N/A | H86: #N/A | I86: #N/A | J86: Negative | K86: ปกติ
B87: 83 | C87: 22404-59 | D87: นาย ชาคร จิระแพทย์ | E87: 14 มิ.ย. 2535 | F87: 32 | G87: พนักงานควบคุมจักรกลหนัก | H87: ผลิตหินก่อนย่อย | I87: Quarry | J87: Negative | K87: ปกติ
B88: 84 | C88: 7624-60 | D88: นาย ชาญณรงค์ เกิดขุมทอง | E88: 18 ม.ค. 2528 | F88: 39 | G88: #N/A | H88: #N/A | I88: #N/A | J88: - | K88: ไม่ได้รับการตรวจ
B89: 85 | C89: 18387-52 | D89: นาย ชาญยุทธ แก้วใจจง | E89: 04 ต.ค. 2528 | F89: 38 | G89: พนักงานผลิตปูนเม็ด | H89: ผลิตปูนเม็ด TS4 | I89: Operations | J89: - | K89: ไม่ได้รับการตรวจ
B90: 86 | C90: 19926-62 | D90: นาย ชาตรี ทองนาค | E90: 08 มิ.ย. 2515 | F90: 52 | G90: Technical and Maintenance Planning Manager | H90: Plant Maintenance | I90: Maintenance Repair Overhaul - STS | J90: - | K90: ไม่ได้รับการตรวจ
B91: 87 | C91: 6990-67 | D91: นาย ชานน อติวีระกุล | E91: 28 เม.ย. 2536 | F91: 31 | G91: #N/A | H91: #N/A | I91: #N/A | J91: Negative | K91: ปกติ
B92: 88 | C92: 20869-48 | D92: นาย ชำนาญ โชคไพศาล | E92: 11 ก.ย. 2523 | F92: 43 | G92: Electrical Technician | H92: Plant Maintenance | I92: Maintenance Repair Overhaul - STS | J92: - | K92: ไม่ได้รับการตรวจ
B93: 89 | C93: 14118-58 | D93: นาย เชาวรัตน์ บุญตั้ง | E93: 26 ก.ค. 2520 | F93: 46 | G93: พนักงานควบคุมจักรกลหนัก | H93: ผลิตหินก่อนย่อย | I93: Quarry | J93: - | K93: ไม่ได้รับการตรวจ
B94: 90 | C94: 4333-62 | D94: นาย โชคชัย ขบวนสาร | E94: 14 ม.ค. 2532 | F94: 35 | G94: #N/A | H94: #N/A | I94: #N/A | J94: - | K94: ไม่ได้รับการตรวจ
B95: 91 | C95: 14180-60 | D95: นาย โชคชัย พิทักษ์บุตร | E95: 16 มี.ค. 2535 | F95: 32 | G95: พนักงาน Biomass - จัดหา | H95: Biomass | I95: Operations | J95: - | K95: ไม่ได้รับการตรวจ
B96: 92 | C96: 16942-59 | D96: นาย ไชยยงค์ ชูชาติ | E96: 05 พ.ค. 2534 | F96: 33 | G96: พนักงานผลิตไฟฟ้า | H96: Waste Heat Generator STS | I96: Operations | J96: Negative | K96: ปกติ
B97: 93 | C97: 24501-61 | D97: นาย ไชยวัฒน์ พุทธวงศ์ | E97: 06 ก.ค. 2535 | F97: 32 | G97: Electrical Technician | H97: Plant Maintenance | I97: Maintenance Repair Overhaul - STS | J97: - | K97: ไม่ได้รับการตรวจ
B98: 94 | C98: 6609-49 | D98: นาย ญาณพงศ์ ตู้เซ่ง | E98: 04 ต.ค. 2528 | F98: 38 | G98: Measurement and Analysis Technician | H98: Measurement and Analysis | I98: Maintenance Repair Overhaul - STS | J98: - | K98: ไม่ได้รับการตรวจ
B99: 95 | C99: 13955-43 | D99: นาย ณฐพงศ์ หมื่นละม้าย | E99: 21 พ.ค. 2516 | F99: 51 | G99: พนักงานบรรจุและจ่ายซีเมนต์ | H99: บรรจุและจ่ายซีเมนต์ | I99: Operations | J99: - | K99: ไม่ได้รับการตรวจ
B100: 96 | C100: 4527-62 | D100: นาย ณรงค์ พลกูล | E100: 27 ก.พ. 2519 | F100: 48 | G100: Customer Value Creation Staff | H100: Customer Value Creation | I100: Total Services and Solutions | J100: - | K100: ไม่ได้รับการตรวจ
B101: 97 | C101: 24295-61 | D101: นาย ณรงค์ ลาภจุติ | E101: 29 พ.ค. 2518 | F101: 49 | G101: พนักงานผลิตปูนเม็ด | H101: ผลิตปูนเม็ด TS4 | I101: Operations | J101: - | K101: ไม่ได้รับการตรวจ
B102: 98 | C102: 777-58 | D102: นาย ณรงค์ ศรีอนุรักษ์ | E102: 03 ต.ค. 2520 | F102: 46 | G102: พนักงานบัญชีจ่าย | H102: ผลิตถุงกระดาษ | I102: Operations | J102: Negative | K102: ปกติ
B103: 99 | C103: 21456-49 | D103: นาย ณัฏฐวัฒน์ กิจเยาวสงค์ | E103: 09 มิ.ย. 2513 | F103: 54 | G103: Assistant Manager Customer Value Creation | H103: Customer Value Creation | I103: Total Services and Solutions | J103: - | K103: ไม่ได้รับการตรวจ
B104: 100 | C104: 2696-49 | D104: นาย ณัฐกิจ แดงสิน | E104: 12 ธ.ค. 2519 | F104: 47 | G104: นักบัญชี | H104: CAD | I104: CAD | J104: - | K104: ไม่ได้รับการตรวจ
B105: 101 | C105: 20186-62 | D105: นาย ณัฐชนน สาธุวงค์ | E105: 17 ส.ค. 2537 | F105: 29 | G105: #N/A | H105: #N/A | I105: #N/A | J105: - | K105: ไม่ได้รับการตรวจ
B106: 102 | C106: 8720-61 | D106: นาย ณัฐพงศ์ กรรเชียง | E106: 05 เม.ย. 2535 | F106: 32 | G106: Maintenance Overhaul and Consultancy Technician - Electrical | H106: Maintenance Overhaul and Consultancy - Electrical | I106: Maintenance Repair Overhaul - STS | J106: - | K106: ไม่ได้รับการตรวจ
B107: 103 | C107: 19783-62 | D107: นาย ณัฐพงศ์ บุษปะเวศ | E107: 24 ส.ค. 2533 | F107: 33 | G107: BSE Operation Manager-STS | H107: BSE Operation - STS | I107: BSE Operation - STS | J107: - | K107: ไม่ได้รับการตรวจ
B108: 104 | C108: 4597-62 | D108: นาย ณัฐพงษ์ เส่งตี๋ | E108: 06 พ.ค. 2530 | F108: 37 | G108: Electrical Technician | H108: Plant Maintenance | I108: Maintenance Repair Overhaul - STS | J108: - | K108: ไม่ได้รับการตรวจ
B109: 105 | C109: 22405-59 | D109: นาย ณัฐพล โต๊ะยี | E109: 07 ธ.ค. 2535 | F109: 31 | G109: พนักงานควบคุมจักรกลหนัก | H109: ผลิตหินก่อนย่อย | I109: Quarry | J109: - | K109: ไม่ได้รับการตรวจ
B110: 106 | C110: 4642-62 | D110: นาย ณัฐพล เลขาพันธ์ | E110: 22 พ.ค. 2537 | F110: 30 | G110: Mechanical Technician | H110: Plant Maintenance | I110: Maintenance Repair Overhaul - STS | J110: Negative | K110: ปกติ
...

Sheet ความสมบูรณ์ของเลือดCBC
A1: ผลตรวจความสมบูรณ์ของเม็ดเลือด (CBC)
A3: No | B3: HN | C3: ชื่อ - สกุล | D3: วัน/เดือน/ปีเกิด | E3: อายุ | F3: ตำแหน่งงาน | G3: หน่วยงาน | H3: ส่วน (สำหรับพนักงาน) | I3: ชนิดของเม็ดเลือดขาว | N3: เม็ดเลือดแดง | U3: เกล็ดเลือด | V3: สรุปผลการตรวจ
I4: Correct WBC | J4: Neu | K4: Lym | L4: Mono | M4: Eo | N4: RBC | O4: HGB | P4: Hct | Q4: MCV | R4: MCH | S4: MCHC | T4: RDW | U4: Platelet
I5: ค่าปกติ | J5: ค่าปกติ | K5: ค่าปกติ | L5: ค่าปกติ | M5: ค่าปกติ | N5: ค่าปกติ | O5: ค่าปกติ | P5: ค่าปกติ | Q5: ค่าปกติ | R5: ค่าปกติ | S5: ค่าปกติ | T5: ค่าปกติ | U5: ค่าปกติ
N6: ช 3.5-5.8 | O6: ช 13.0-18.5 | P6: ช 40-55% | Q6: 82.2-97.4 fl | R6: 27.6-33.3pg | S6: 33.0-34.8g/dL | T6: 11.5-15.5% | U6: 140-400 K/ul
I7: 4.5-11.0 | J7: 40.0-65 % | K7: 20-40 % | L7: 2.0-10.0% | M7: 0.0-9.0 % | N7: ญ 3.5-5.8 | O7: ญ 11.6-16.3 | P7: ญ 36-47%
A8: 1 | B8: 14471-58 | C8: นาง กมลทิพย์ ขบวนสาร | D8: 07 มิ.ย. 2527 | E8: 40 | F8: พนักงานธุรการ | G8: Operations | H8: Operations | I8: - | J8: - | K8: - | L8: - | M8: - | N8: - | O8: - | P8: - | Q8: - | R8: - | S8: - | T8: - | U8: - | V8: ไม่ได้รับการตรวจ | X8: ปกติ | Y8: 288
A9: 2 | B9: 165-57 | C9: นาย กรณัฐพงษ์ เรืองระพีพรรณ | D9: 04 เม.ย. 2533 | E9: 34 | F9: #N/A | G9: #N/A | H9: #N/A | I9: 8.05 | J9: 60.3 | K9: 31.9 | L9: 6.0 | M9: 1.6 | N9: 4.68 | O9: 14.9 | P9: 44.2 | Q9: 94.4 | R9: 31.8 | S9: 33.7 | T9: 12.7 | U9: 279 | V9: ปกติ | X9: ผิดปกติ | Y9: 130
A10: 3 | B10: 9043-49 | C10: น.ส. กฤติกา หมัดโส๊ะ | D10: 01 ม.ค. 2528 | E10: 39 | F10: พนักงานเทคโนโลยีสารสนเทศ | G10: เทคโนโลยีสารสนเทศ | H10: MD Office | I10: - | J10: - | K10: - | L10: - | M10: - | N10: - | O10: - | P10: - | Q10: - | R10: - | S10: - | T10: - | U10: - | V10: ไม่ได้รับการตรวจ | X10: รวม | Y10: 418
A11: 4 | B11: 5101-50 | C11: นาย กฤษฎากรณ์ เดชะราช | D11: 18 มิ.ย. 2515 | E11: 52 | F11: Technical and Maintenance Planning Manager | G11: Plant Maintenance | H11: Maintenance Repair Overhaul - STS | I11: - | J11: - | K11: - | L11: - | M11: - | N11: - | O11: - | P11: - | Q11: - | R11: - | S11: - | T11: - | U11: - | V11: ไม่ได้รับการตรวจ
A12: 5 | B12: 13350-56 | C12: นาย กฤษณรักษ์ รัตนะ | D12: 12 พ.ย. 2530 | E12: 36 | F12: พนักงานซ่อมบำรุงจักรกลหนัก | G12: ซ่อมบำรุงจักรกลหนัก | H12: Quarry | I12: 9.76 | J12: 60.0 | K12: 28.0 | L12: 6.1 | M12: 5.6 | N12: 5.28 | O12: 16.1 | P12: 47.7 | Q12: 90.4 | R12: 30.6 | S12: 33.8 | T12: 13.2 | U12: 226 | V12: ปกติ
A13: 6 | B13: 20669-60 | C13: นาย กฤษดา หนูหอ | D13: 25 เม.ย. 2520 | E13: 47 | F13: Maintenance Overhaul and Consultancy Technician - Electrical | G13: Maintenance Overhaul and Consultancy - Electrical | H13: Maintenance Repair Overhaul - STS | I13: 8.61 | J13: 61.2 | K13: 31.6 | L13: 4.6 | M13: 2.2 | N13: 5.30 | O13: 15.7 | P13: 48.7 | Q13: 91.8 | R13: 29.6 | S13: 32.2 | T13: 13.2 | U13: 290 | V13: ปกติ
A14: 7 | B14: 20050-65 | C14: นาย กวิศ แซ่ตั้ง | D14: 01 ม.ค. 2535 | E14: 32 | F14: #N/A | G14: #N/A | H14: #N/A | I14: 7.12 | J14: 50.2 | K14: 35.6 | L14: 10.0 | M14: 3.8 | N14: 5.44 | O14: 15.3 | P14: 47.5 | Q14: 87.4 | R14: 28.0 | S14: 32.2 | T14: 13.8 | U14: 283 | V14: ปกติ
A15: 8 | B15: 11980-47 | C15: นาย ก้องทัย คุณโลก | D15: 17 มี.ค. 2512 | E15: 55 | F15: Mechanical Maintenance Manager – Clinker | G15: Plant Maintenance | H15: Maintenance Repair Overhaul - STS | I15: 7.05 | J15: 44.2 | K15: 44.0 | L15: 6.0 | M15: 5.4 | N15: 5.70 | O15: 15.2 | P15: 47.1 | Q15: 82.6 | R15: 26.7 | S15: 32.3 | T15: 14.2 | U15: 239 | V15: ปกติ
A16: 9 | B16: 443-50 | C16: นาย กัญจน์ภัสสรณ์ พรหมแสง | D16: 05 มิ.ย. 2519 | E16: 48 | F16: #N/A | G16: #N/A | H16: #N/A | I16: 4.77 | J16: 42.4 | K16: 43.8 | L16: 5.1 | M16: 7.8 | N16: 5.03 | O16: 14.9 | P16: 45.0 | Q16: 89.4 | R16: 29.6 | S16: 33.1 | T16: 12.9 | U16: 213 | V16: ปกติ
A17: 10 | B17: 19597-49 | C17: น.ส. กัญธนัช ศรีโยธา | D17: 14 ต.ค. 2528 | E17: 38 | F17: BSE Assistant Manager-South Chain | G17: BSE South Chain | H17: BSE South Chain | I17: - | J17: - | K17: - | L17: - | M17: - | N17: - | O17: - | P17: - | Q17: - | R17: - | S17: - | T17: - | U17: - | V17: ไม่ได้รับการตรวจ
A18: 11 | B18: 24355-61 | C18: นาง กาญจนา ลีลารุจนกุล | D18: 13 ต.ค. 2535 | E18: 31 | F18: BSE Operation Officer-STS | G18: BSE Operation - STS | H18: BSE Operation - STS | I18: - | J18: - | K18: - | L18: - | M18: - | N18: - | O18: - | P18: - | Q18: - | R18: - | S18: - | T18: - | U18: - | V18: ไม่ได้รับการตรวจ
A19: 12 | B19: 11655-54 | C19: นาย ก้าน สิทธิวงศ์ | D19: 28 ก.ค. 2525 | E19: 41 | F19: พนักงานผลิตถุงกระดาษ | G19: ผลิตถุงกระดาษ | H19: Operations | I19: 6.24 | J19: 54.9 | K19: 34.9 | L19: 7.0 | M19: 2.7 | N19: 5.22 | O19: 14.2 | P19: 44.1 | Q19: 84.5 | R19: 27.3 | S19: 32.2 | T19: 13.4 | U19: 324 | V19: ปกติ
A20: 13 | B20: 4482-62 | C20: นาย กิตตินันท์ จันทกูล | D20: 27 ก.ย. 2534 | E20: 32 | F20: Mechanical Technician | G20: Plant Maintenance | H20: Maintenance Repair Overhaul - STS | I20: 7.81 | J20: 54.2 | K20: 36.8 | L20: 6.6 | M20: 1.8 | N20: 5.42 | O20: 15.3 | P20: 47.0 | Q20: 86.7 | R20: 28.2 | S20: 32.6 | T20: 12.6 | U20: 325 | V20: ปกติ
A21: 14 | B21: 16852-60 | C21: นาย กิตติพงศ์ ไพชำนาญ | D21: 04 มี.ค. 2535 | E21: 32 | F21: Engineer | G21: Maintenance Repair Overhaul - STS | H21: Maintenance Repair Overhaul - STS | I21: 4.50 | J21: 49.2 | K21: 42.6 | L21: 6.0 | M21: 1.7 | N21: 5.30 | O21: 15.5 | P21: 47.9 | Q21: 90.3 | R21: 29.2 | S21: 32.4 | T21: 13.7 | U21: 280 | V21: ปกติ
A22: 15 | B22: 22376-59 | C22: นาย กิตติพงศ์ สหกโร | D22: 30 เม.ย. 2530 | E22: 37 | F22: พนักงานควบคุมเครื่องย่อย | G22: ผลิตหินย่อยและหินก่อสร้าง | H22: Quarry | I22: 5.68 | J22: 48.2 | K22: 41.7 | L22: 6.0 | M22: 3.3 | N22: 6.05 | O22: 13.0 | P22: 43.4 | Q22: 71.8 | R22: 21.6 | S22: 30.0 | T22: 14.7 | U22: 264 | V22: ผิดปกติ
A23: 16 | B23: 3969-43 | C23: นาย กิตติพงษ์ คงปลอด | D23: 02 ก.พ. 2520 | E23: 47 | F23: Mechanical Technician | G23: Plant Maintenance | H23: Maintenance Repair Overhaul - STS | I23: 9.72 | J23: 57.0 | K23: 36.5 | L23: 4.9 | M23: 1.2 | N23: 5.23 | O23: 15.7 | P23: 48.3 | Q23: 92.4 | R23: 30.0 | S23: 32.5 | T23: 13.2 | U23: 257 | V23: ปกติ
A24: 17 | B24: 6256-66 | C24: นาย กิตติพงษ์ ดอกไม้ทอง | D24: 27 ก.ค. 2541 | E24: 25 | F24: #N/A | G24: #N/A | H24: #N/A | I24: 6.36 | J24: 68.8 | K24: 23.1 | L24: 5.6 | M24: 2.0 | N24: 5.12 | O24: 14.9 | P24: 45.5 | Q24: 88.8 | R24: 29.1 | S24: 32.7 | T24: 13.8 | U24: 251 | V24: ปกติ
A25: 18 | B25: 24617-61 | C25: นาย กิตติพงษ์ ทองมี | D25: 20 เม.ย. 2535 | E25: 32 | F25: #N/A | G25: #N/A | H25: #N/A | I25: 5.91 | J25: 52.8 | K25: 36.8 | L25: 8.8 | M25: 1.5 | N25: 5.68 | O25: 15.2 | P25: 47.5 | Q25: 83.6 | R25: 26.8 | S25: 32.0 | T25: 13.6 | U25: 262 | V25: ปกติ
A26: 19 | B26: 22368-59 | C26: นาย กิตติศักดิ์ ช้างกลาง | D26: 14 ก.พ. 2535 | E26: 32 | F26: พนักงานควบคุมจักรกลหนัก | G26: วางแผนและพัฒนาเหมือง | H26: Quarry | I26: 4.99 | J26: 54.6 | K26: 35.5 | L26: 4.2 | M26: 4.8 | N26: 5.29 | O26: 16.1 | P26: 48.2 | Q26: 91.1 | R26: 30.5 | S26: 33.4 | T26: 13.4 | U26: 262 | V26: ปกติ
A27: 20 | B27: 22377-59 | C27: นาย กิตติศักดิ์ อ่วมคง | D27: 22 ส.ค. 2531 | E27: 35 | F27: พนักงานควบคุมเครื่องย่อย | G27: ผลิตหินย่อยและหินก่อสร้าง | H27: Quarry | I27: 7.80 | J27: 52.1 | K27: 39.0 | L27: 4.8 | M27: 3.8 | N27: 6.34 | O27: 13.8 | P27: 44.5 | Q27: 70.2 | R27: 21.7 | S27: 31.0 | T27: 15.0 | U27: 250 | V27: ผิดปกติ
A28: 21 | B28: 22436-59 | C28: นาย กิตติ ศิริพันธุ์ | D28: 29 มิ.ย. 2529 | E28: 38 | F28: พนักงานเหมืองแร่ | G28: จัดหาและเตรียมวัตถุดิบ | H28: Quarry | I28: 7.24 | J28: 45.8 | K28: 46.3 | L28: 6.2 | M28: 1.5 | N28: 4.91 | O28: 14.8 | P28: 45.9 | Q28: 93.4 | R28: 30.3 | S28: 32.2 | T28: 13.2 | U28: 266 | V28: ปกติ
A29: 22 | B29: 4570-62 | C29: นาย กีรติ ทับทอง | D29: 11 พ.ค. 2531 | E29: 36 | F29: พนักงาน AFR | G29: AFR | H29: Operations | I29: 5.70 | J29: 60.3 | K29: 32.5 | L29: 5.0 | M29: 1.6 | N29: 5.91 | O29: 14.4 | P29: 45.1 | Q29: 76.3 | R29: 24.4 | S29: 31.9 | T29: 14.5 | U29: 234 | V29: ผิดปกติ
A30: 23 | B30: 24218-61 | C30: นาง กุลธิดา เครือสาย | D30: 27 มิ.ย. 2516 | E30: 51 | F30: พนักงานบริการลูกค้า | G30: บริการลูกค้า | H30: Operations | I30: - | J30: - | K30: - | L30: - | M30: - | N30: - | O30: - | P30: - | Q30: - | R30: - | S30: - | T30: - | U30: - | V30: ไม่ได้รับการตรวจ
A31: 24 | B31: 19923-62 | C31: นาย เกรียงไกร คุณโลก | D31: 14 ธ.ค. 2513 | E31: 53 | F31: #N/A | G31: #N/A | H31: #N/A | I31: 6.73 | J31: 60.7 | K31: 27.8 | L31: 5.6 | M31: 5.4 | N31: 5.22 | O31: 14.0 | P31: 43.7 | Q31: 83.7 | R31: 26.8 | S31: 32.0 | T31: 13.7 | U31: 193 | V31: ปกติ
A32: 25 | B32: 9075-50 | C32: นาย เกรียงไกร เซ่งเซี่ยง | D32: 25 เม.ย. 2527 | E32: 40 | F32: Mechanical Technician | G32: Plant Maintenance | H32: Maintenance Repair Overhaul - STS | I32: 5.48 | J32: 46.2 | K32: 43.6 | L32: 6.2 | M32: 3.8 | N32: 5.04 | O32: 14.5 | P32: 44.3 | Q32: 87.8 | R32: 28.8 | S32: 32.7 | T32: 12.9 | U32: 176 | V32: ปกติ
A33: 26 | B33: 6253-66 | C33: นาย เกรียงไกร ธรรมโกศล | D33: 20 ธ.ค. 2536 | E33: 30 | F33: #N/A | G33: #N/A | H33: #N/A | I33: 5.53 | J33: 57.0 | K33: 31.2 | L33: 7.0 | M33: 4.1 | N33: 5.30 | O33: 14.9 | P33: 45.3 | Q33: 85.5 | R33: 28.0 | S33: 32.9 | T33: 13.0 | U33: 327 | V33: ปกติ
A34: 27 | B34: 19837-62 | C34: นาย เกรียงศักดิ์ ชูดวงจันทร์ | D34: 11 มี.ค. 2526 | E34: 41 | F34: #N/A | G34: #N/A | H34: #N/A | I34: 4.95 | J34: 67.2 | K34: 26.5 | L34: 5.6 | M34: 0.4 | N34: 6.67 | O34: 11.6 | P34: 39.0 | Q34: 58.8 | R34: 17.4 | S34: 29.6 | T34: 18.6 | U34: 294 | V34: ผิดปกติ
A35: 28 | B35: 20003-62 | C35: นาย เกียรติศักดิ์ ทองทิพย์ | D35: 03 ก.ย. 2516 | E35: 50 | F35: #N/A | G35: #N/A | H35: #N/A | I35: 7.81 | J35: 56.2 | K35: 34.8 | L35: 6.5 | M35: 2.2 | N35: 4.97 | O35: 15.4 | P35: 46.3 | Q35: 93.1 | R35: 31.0 | S35: 33.3 | T35: 13.8 | U35: 273 | V35: ปกติ
A36: 29 | B36: 17784-56 | C36: นาย เกียรติศักดิ์ ไสยฉิม | D36: 14 ม.ค. 2520 | E36: 47 | F36: พนักงานควบคุมจักรกลหนัก | G36: วางแผนและพัฒนาเหมือง | H36: Quarry | I36: - | J36: - | K36: - | L36: - | M36: - | N36: - | O36: - | P36: - | Q36: - | R36: - | S36: - | T36: - | U36: - | V36: ไม่ได้รับการตรวจ
A37: 30 | B37: 24161-61 | C37: นาย โกมิน บวรศุภศรี | D37: 12 ส.ค. 2537 | E37: 29 | F37: Measurement and Analysis Technician | G37: Measurement and Analysis | H37: Maintenance Repair Overhaul - STS | I37: 6.36 | J37: 42.9 | K37: 51.3 | L37: 4.3 | M37: 1.1 | N37: 6.73 | O37: 13.6 | P37: 43.7 | Q37: 65.0 | R37: 20.1 | S37: 31.1 | T37: 16.6 | U37: 260 | V37: ผิดปกติ
A38: 31 | B38: 7408-51 | C38: นาย โกสินทร์ ศิริปทาวานิช | D38: 03 ต.ค. 2511 | E38: 55 | F38: ผู้ช่วยผู้จัดการตักและขนส่ง | G38: ผลิตหินก่อนย่อย | H38: Quarry | I38: - | J38: - | K38: - | L38: - | M38: - | N38: - | O38: - | P38: - | Q38: - | R38: - | S38: - | T38: - | U38: - | V38: ไม่ได้รับการตรวจ
A39: 32 | B39: 4362-62 | C39: นาย ไกรศรี ผาสุข | D39: 27 พ.ค. 2515 | E39: 52 | F39: #N/A | G39: #N/A | H39: #N/A | I39: 6.64 | J39: 59.2 | K39: 28.3 | L39: 4.1 | M39: 8.0 | N39: 6.46 | O39: 16.7 | P39: 51.2 | Q39: 79.2 | R39: 25.9 | S39: 32.6 | T39: 13.7 | U39: 202 | V39: ผิดปกติ
A40: 33 | B40: 14885-56 | C40: นาย ไกวัล มวยดี | D40: 02 ก.พ. 2526 | E40: 41 | F40: Measurement and Analysis Technician | G40: Measurement and Analysis | H40: Maintenance Repair Overhaul - STS | I40: 7.12 | J40: 62.2 | K40: 29.6 | L40: 4.7 | M40: 3.0 | N40: 5.37 | O40: 15.1 | P40: 46.5 | Q40: 86.5 | R40: 28.2 | S40: 32.5 | T40: 14.2 | U40: 281 | V40: ปกติ
A41: 34 | B41: 4216-61 | C41: นาย ขจรพงศ์ สุวรรณเพ็ชร | D41: 05 เม.ย. 2536 | E41: 31 | F41: พนักงาน Fuel & Export | G41: Fuel and Export | H41: Operations | I41: 8.43 | J41: 68.0 | K41: 22.0 | L41: 5.0 | M41: 4.0 | N41: 5.74 | O41: 16.1 | P41: 49.8 | Q41: 86.8 | R41: 28.1 | S41: 32.3 | T41: 14.0 | U41: 297 | V41: ปกติ
A42: 35 | B42: 11762-64 | C42: น.ส. ขวัญวดี อามิตย์ | D42: 13 พ.ย. 2531 | E42: 35 | F42: #N/A | G42: #N/A | H42: #N/A | I42: 6.27 | J42: 57.5 | K42: 31.4 | L42: 7.2 | M42: 3.8 | N42: 4.41 | O42: 13.4 | P42: 41.8 | Q42: 94.7 | R42: 30.5 | S42: 32.1 | T42: 12.8 | U42: 310 | V42: ปกติ
A43: 36 | B43: 25972-60 | C43: นาย คงศักย์ มูลจันทะ | D43: 06 ก.พ. 2510 | E43: 57 | F43: #N/A | G43: #N/A | H43: #N/A | I43: 4.99 | J43: 61.7 | K43: 29.6 | L43: 8.4 | M43: 0.1 | N43: 5.00 | O43: 15.4 | P43: 47.2 | Q43: 94.3 | R43: 30.8 | S43: 32.6 | T43: 13.1 | U43: 191 | V43: ปกติ
A44: 37 | B44: 13651-51 | C44: นาย คณากร สังข์ทอง | D44: 27 ส.ค. 2530 | E44: 36 | F44: Electrical Technician | G44: Plant Maintenance | H44: Maintenance Repair Overhaul - STS | I44: - | J44: - | K44: - | L44: - | M44: - | N44: - | O44: - | P44: - | Q44: - | R44: - | S44: - | T44: - | U44: - | V44: ไม่ได้รับการตรวจ
A45: 38 | B45: 7424-54 | C45: นาย คมกฤช รัตนกุล | D45: 07 มี.ค. 2531 | E45: 36 | F45: Electrical Technician | G45: Plant Maintenance | H45: Maintenance Repair Overhaul - STS | I45: 6.22 | J45: 46.0 | K45: 44.0 | L45: 7.0 | M45: 2.0 | N45: 5.78 | O45: 16.0 | P45: 49.5 | Q45: 85.6 | R45: 27.7 | S45: 32.3 | T45: 13.4 | U45: 252 | V45: ปกติ
A46: 39 | B46: 14172-57 | C46: นาย คมสัน ปัญจะเภรี | D46: 16 มิ.ย. 2528 | E46: 39 | F46: Electrical Technician | G46: Plant Maintenance | H46: Maintenance Repair Overhaul - STS | I46: 5.21 | J46: 48.4 | K46: 44.3 | L46: 5.6 | M46: 1.4 | N46: 4.63 | O46: 14.0 | P46: 42.4 | Q46: 91.5 | R46: 30.3 | S46: 33.0 | T46: 12.6 | U46: 244 | V46: ปกติ
A47: 40 | B47: 19810-62 | C47: นาย คำรณ ครองรักษ์ | D47: 27 มิ.ย. 2531 | E47: 36 | F47: พนักงานผลิตปูนเม็ด | G47: ผลิตปูนเม็ด TS5 | H47: Operations | I47: 6.35 | J47: 63.5 | K47: 27.9 | L47: 6.6 | M47: 1.7 | N47: 5.12 | O47: 14.1 | P47: 44.7 | Q47: 87.4 | R47: 27.5 | S47: 31.5 | T47: 13.5 | U47: 235 | V47: ปกติ
A48: 41 | B48: 19786-62 | C48: นาย จตุพล รัตนะ | D48: 11 ส.ค. 2534 | E48: 32 | F48: พนักงาน Biomass | G48: Biomass | H48: Operations | I48: 5.21 | J48: 60.7 | K48: 28.1 | L48: 6.6 | M48: 4.2 | N48: 4.91 | O48: 15.1 | P48: 45.8 | Q48: 93.2 | R48: 30.7 | S48: 33.0 | T48: 12.8 | U48: 135 | V48: ผิดปกติ
A49: 42 | B49: 19825-62 | C49: นาย จตุรงค์ ทองสีอ่อน | D49: 15 มิ.ย. 2536 | E49: 31 | F49: Maintenance Overhaul and Consultancy Technician - Mechanical | G49: Maintenance Overhaul and Consultancy - Mechanical | H49: Maintenance Repair Overhaul - STS | I49: 3.42 | J49: 56.5 | K49: 26.4 | L49: 9.2 | M49: 7.5 | N49: 5.48 | O49: 14.0 | P49: 44.4 | Q49: 83.1 | R49: 27.7 | S49: 32.5 | T49: 15.1 | U49: 259 | V49: ผิดปกติ
A50: 43 | B50: 20002-62 | C50: นาย จตุรงค์ เลขาวิจิตร์ | D50: 02 ก.พ. 2520 | E50: 47 | F50: Electrical Technician | G50: Plant Maintenance | H50: Maintenance Repair Overhaul - STS | I50: 6.13 | J50: 46.7 | K50: 44.7 | L50: 7.4 | M50: 1.1 | N50: 4.83 | O50: 14.8 | P50: 46.8 | Q50: 96.9 | R50: 30.6 | S50: 31.6 | T50: 13.0 | U50: 235 | V50: ปกติ
A51: 44 | B51: 9073-50 | C51: นาย จตุรงค์ แอ้นไธสง | D51: 14 ส.ค. 2527 | E51: 39 | F51: พนักงานควบคุมจักรกลหนัก | G51: ผลิตหินก่อนย่อย | H51: Quarry | I51: 5.20 | J51: 66.3 | K51: 27.0 | L51: 4.1 | M51: 2.2 | N51: 5.79 | O51: 14.5 | P51: 45.4 | Q51: 78.4 | R51: 25.0 | S51: 31.9 | T51: 13.9 | U51: 304 | V51: ผิดปกติ
A52: 45 | B52: 5766-54 | C52: นาย จราวุฒิ มูณีรัตน์ | D52: 27 มี.ค. 2520 | E52: 47 | F52: ผู้ช่วยผู้จัดการประกันคุณภาพ | G52: ส่งเสริมการผลิต | H52: Operations | I52: 5.24 | J52: 44.1 | K52: 40.9 | L52: 6.9 | M52: 6.8 | N52: 4.92 | O52: 14.5 | P52: 44.6 | Q52: 90.7 | R52: 29.6 | S52: 32.5 | T52: 13.2 | U52: 124 | V52: ผิดปกติ
A53: 46 | B53: 19797-62 | C53: นาย จเร บัวอนนท์ | D53: 08 ก.ค. 2535 | E53: 32 | F53: Maintenance Overhaul and Consultancy Technician - Electrical | G53: Maintenance Overhaul and Consultancy - Electrical | H53: Maintenance Repair Overhaul - STS | I53: 5.58 | J53: 63.0 | K53: 21.9 | L53: 7.0 | M53: 7.2 | N53: 4.79 | O53: 13.6 | P53: 41.9 | Q53: 87.5 | R53: 28.5 | S53: 32.5 | T53: 13.4 | U53: 271 | V53: ปกติ
A54: 47 | B54: 22429-59 | C54: นาย จักรกฤษณ์ ฤทธิ์ศรี | D54: 07 เม.ย. 2536 | E54: 31 | F54: พนักงานซ่อมบำรุงจักรกลหนัก | G54: ซ่อมบำรุงจักรกลหนัก | H54: Quarry | I54: 5.55 | J54: 54.5 | K54: 37.9 | L54: 5.3 | M54: 2.0 | N54: 5.41 | O54: 15.4 | P54: 47.5 | Q54: 87.8 | R54: 28.5 | S54: 32.4 | T54: 13.3 | U54: 268 | V54: ปกติ
A55: 48 | B55: 20021-62 | C55: นาย จักรกฤษ์ มณีฉาย | D55: 17 ส.ค. 2536 | E55: 30 | F55: พนักงานผลิตไฟฟ้า | G55: Waste Heat Generator STS | H55: Operations | I55: 6.03 | J55: 59.2 | K55: 32.4 | L55: 5.9 | M55: 2.0 | N55: 5.31 | O55: 14.9 | P55: 46.8 | Q55: 88.1 | R55: 28.1 | S55: 31.8 | T55: 13.4 | U55: 274 | V55: ปกติ
A56: 49 | B56: 4097-46 | C56: นาย จักรพัฒน์ ทองมุกดากุล | D56: 28 ก.ค. 2527 | E56: 39 | F56: Mechanical Technician | G56: Plant Maintenance | H56: Maintenance Repair Overhaul - STS | I56: 5.49 | J56: 58.8 | K56: 29.5 | L56: 7.4 | M56: 3.8 | N56: 5.12 | O56: 14.3 | P56: 43.2 | Q56: 84.3 | R56: 28.0 | S56: 33.1 | T56: 13.9 | U56: 209 | V56: ปกติ
A57: 50 | B57: 13573-62 | C57: นาย จักรพันธ์ จินดวง | D57: 22 ม.ค. 2532 | E57: 35 | F57: พนักงานผลิตถุงกระดาษ | G57: ผลิตถุงกระดาษ | H57: Operations | I57: 6.87 | J57: 59.7 | K57: 32.8 | L57: 4.9 | M57: 2.3 | N57: 4.69 | O57: 14.8 | P57: 44.3 | Q57: 94.5 | R57: 31.4 | S57: 33.4 | T57: 12.6 | U57: 281 | V57: ปกติ
A58: 51 | B58: 2782-61 | C58: นาย จักริน บัวเพชร | D58: 25 ก.พ. 2517 | E58: 50 | F58: พนักงานบริการลูกค้า | G58: บริการลูกค้า | H58: Operations | I58: 5.28 | J58: 51.4 | K58: 39.0 | L58: 5.5 | M58: 3.9 | N58: 4.61 | O58: 14.9 | P58: 45.3 | Q58: 97.2 | R58: 32.4 | S58: 33.0 | T58: 13.1 | U58: 237 | V58: ปกติ
A59: 52 | B59: 10609-59 | C59: นาย จารุวัฒน์ อำนาจเจริญ | D59: 29 พ.ค. 2532 | E59: 35 | F59: Electrical Technician | G59: Plant Maintenance | H59: Maintenance Repair Overhaul - STS | I59: 5.33 | J59: 49.1 | K59: 33.0 | L59: 9.5 | M59: 7.5 | N59: 4.89 | O59: 14.4 | P59: 44.4 | Q59: 90.8 | R59: 29.4 | S59: 32.4 | T59: 13.2 | U59: 290 | V59: ปกติ
A60: 53 | B60: 11747-51 | C60: นาย จำนรรจ์ ไทยสุริยันต์ | D60: 05 ส.ค. 2517 | E60: 49 | F60: พนักงานประกันคุณภาพ | G60: ส่งเสริมการผลิต | H60: Operations | I60: 6.47 | J60: 69.6 | K60: 20.3 | L60: 7.4 | M60: 2.1 | N60: 3.12 | O60: 10.8 | P60: 32.5 | Q60: 104.3 | R60: 34.6 | S60: 33.2 | T60: 15.5 | U60: 248 | V60: ผิดปกติ
A61: 54 | B61: 24530-61 | C61: นาย จิรยุทธ์ พัตจาลจุล | D61: 27 เม.ย. 2535 | E61: 32 | F61: Mechanical Technician | G61: Plant Maintenance | H61: Maintenance Repair Overhaul - STS | I61: 4.02 | J61: 45.9 | K61: 39.8 | L61: 11.4 | M61: 2.2 | N61: 5.80 | O61: 17.7 | P61: 53.3 | Q61: 91.9 | R61: 30.5 | S61: 33.2 | T61: 13.3 | U61: 284 | V61: ผิดปกติ
A62: 55 | B62: 21986-49 | C62: นาย จิรศักดิ์ สังข์โพธิ์ | D62: 08 เม.ย. 2518 | E62: 49 | F62: พนักงานควบคุมจักรกลหนัก | G62: ผลิตหินก่อนย่อย | H62: Quarry | I62: 6.07 | J62: 63.7 | K62: 27.0 | L62: 7.1 | M62: 1.8 | N62: 4.28 | O62: 13.4 | P62: 41.0 | Q62: 95.8 | R62: 31.4 | S62: 32.7 | T62: 13.7 | U62: 333 | V62: ปกติ
A63: 56 | B63: 1570-52 | C63: นาย จิรศักดิ์ สุวรรณขันธ์ | D63: 15 มิ.ย. 2511 | E63: 56 | F63: พนักงาน Fuel & Export | G63: Fuel and Export | H63: Operations | I63: 7.02 | J63: 60.9 | K63: 26.5 | L63: 6.2 | M63: 6.1 | N63: 4.82 | O63: 14.8 | P63: 45.3 | Q63: 94.0 | R63: 30.8 | S63: 32.7 | T63: 14.9 | U63: 219 | V63: ปกติ
A64: 57 | B64: 20019-62 | C64: ว่าที่ ร.ต. จิระพงค์ วงค์ประพันธุ์ | D64: 20 เม.ย. 2533 | E64: 34 | F64: พนักงานผลิตไฟฟ้า | G64: Waste Heat Generator STS | H64: Operations | I64: 4.29 | J64: 46.0 | K64: 40.0 | L64: 6.0 | M64: 7.0 | N64: 4.54 | O64: 14.3 | P64: 43.9 | Q64: 96.8 | R64: 31.6 | S64: 32.6 | T64: 11.7 | U64: 250 | V64: ผิดปกติ
A65: 58 | B65: 16107-59 | C65: นาย จิระวุฒิ พรหมนิมิตร์ | D65: 21 เม.ย. 2528 | E65: 39 | F65: พนักงานผลิตปูนเม็ด | G65: ผลิตปูนเม็ด TS5 | H65: Operations | I65: 6.67 | J65: 44.1 | K65: 23.1 | L65: 7.2 | M65: 25.3 | N65: 5.24 | O65: 14.3 | P65: 43.9 | Q65: 83.7 | R65: 27.4 | S65: 32.6 | T65: 13.8 | U65: 340 | V65: ผิดปกติ
A66: 59 | B66: 3157-54 | C66: นาย จิระศักดิ์ ธรรมศิลา | D66: 21 พ.ค. 2526 | E66: 41 | F66: #N/A | G66: #N/A | H66: #N/A | I66: 7.12 | J66: 50.7 | K66: 35.3 | L66: 5.5 | M66: 7.8 | N66: 5.44 | O66: 14.7 | P66: 45.6 | Q66: 83.9 | R66: 27.0 | S66: 32.2 | T66: 14.0 | U66: 151 | V66: ปกติ
A67: 60 | B67: 978-56 | C67: นาย จิระศักดิ์ พรมแก้ว | D67: 08 มิ.ย. 2520 | E67: 47 | F67: พนักงานบรรจุและจ่ายซีเมนต์ | G67: บรรจุและจ่ายซีเมนต์ | H67: Operations | I67: 5.20 | J67: 49.9 | K67: 40.2 | L67: 6.8 | M67: 2.2 | N67: 5.94 | O67: 16.3 | P67: 50.6 | Q67: 85.2 | R67: 27.4 | S67: 32.2 | T67: 14.1 | U67: 305 | V67: ปกติ
A68: 61 | B68: 2723-53 | C68: นาย จิระศักดิ์ ไพริน | D68: 08 มี.ค. 2519 | E68: 48 | F68: ผู้ช่วยผู้จัดการ Fuel & Export | G68: Fuel and Export | H68: Operations | I68: 6.92 | J68: 35.4 | K68: 52.5 | L68: 9.2 | M68: 2.7 | N68: 4.70 | O68: 12.7 | P68: 39.2 | Q68: 83.4 | R68: 26.9 | S68: 32.4 | T68: 14.0 | U68: 450 | V68: ผิดปกติ
A69: 62 | B69: 18306-58 | C69: น.ส. จีรนันท์ วงศ์สวัสดิ์ | D69: 04 ธ.ค. 2523 | E69: 43 | F69: BSE Operation Officer-STS | G69: BSE Operation - STS | H69: BSE Operation - STS | I69: 7.29 | J69: 62.8 | K69: 30.9 | L69: 4.9 | M69: 1.0 | N69: 4.33 | O69: 13.5 | P69: 40.9 | Q69: 94.5 | R69: 31.1 | S69: 33.0 | T69: 13.1 | U69: 333 | V69: ปกติ
A70: 63 | B70: 2820-57 | C70: นาย จีรพงษ์ แซ่ลิ้ม | D70: 07 เม.ย. 2534 | E70: 33 | F70: พนักงานควบคุมจักรกลหนัก | G70: ผลิตหินก่อนย่อย | H70: Quarry | I70: 7.60 | J70: 67.8 | K70: 22.1 | L70: 8.9 | M70: 1.0 | N70: 5.31 | O70: 16.6 | P70: 50.3 | Q70: 94.8 | R70: 31.2 | S70: 33.0 | T70: 12.3 | U70: 295 | V70: ปกติ
A71: 64 | B71: 19987-62 | C71: นาย จีรศักดิ์ คงบุรี | D71: 30 ม.ค. 2516 | E71: 51 | F71: #N/A | G71: #N/A | H71: #N/A | I71: 8.07 | J71: 61.8 | K71: 32.3 | L71: 4.3 | M71: 1.4 | N71: 5.12 | O71: 14.3 | P71: 43.4 | Q71: 84.7 | R71: 27.9 | S71: 32.9 | T71: 13.1 | U71: 337 | V71: ปกติ
A72: 65 | B72: 6607-49 | C72: นาย จีรศักดิ์ เจริญพงศ์ | D72: 04 มิ.ย. 2524 | E72: 43 | F72: Customer Value Creation Staff | G72: Customer Value Creation | H72: Total Services and Solutions | I72: 5.53 | J72: 58.6 | K72: 29.5 | L72: 7.0 | M72: 4.4 | N72: 5.18 | O72: 16.0 | P72: 48.3 | Q72: 93.2 | R72: 30.9 | S72: 33.1 | T72: 12.5 | U72: 300 | V72: ปกติ
A73: 66 | B73: 4392-62 | C73: นาย จีระพจน์ ทองเลี่ยมนาค | D73: 27 มี.ค. 2514 | E73: 53 | F73: #N/A | G73: #N/A | H73: #N/A | I73: - | J73: - | K73: - | L73: - | M73: - | N73: - | O73: - | P73: - | Q73: - | R73: - | S73: - | T73: - | U73: - | V73: ไม่ได้รับการตรวจ
A74: 67 | B74: 2082-57 | C74: นาง จุฑารัตน์ คงศิริ | D74: 17 เม.ย. 2532 | E74: 35 | F74: พนักงานบริการลูกค้า | G74: บริการลูกค้า | H74: Operations | I74: 6.01 | J74: 58.2 | K74: 30.6 | L74: 5.9 | M74: 4.5 | N74: 4.55 | O74: 9.9 | P74: 32.6 | Q74: 71.7 | R74: 21.7 | S74: 30.4 | T74: 19.3 | U74: 467 | V74: ผิดปกติ
A75: 68 | B75: 26666-48 | C75: นาย เจตร กัญจนกาญจน์ | D75: 04 พ.ย. 2519 | E75: 47 | F75: Measurement and Analysis Supervisor | G75: Measurement and Analysis | H75: Maintenance Repair Overhaul - STS | I75: 8.54 | J75: 50.3 | K75: 37.4 | L75: 5.6 | M75: 6.3 | N75: 5.31 | O75: 15.9 | P75: 49.9 | Q75: 93.9 | R75: 30.0 | S75: 31.9 | T75: 12.4 | U75: 309 | V75: ปกติ
A76: 69 | B76: 24631-61 | C76: นาย เจริญชัย สุนทรา | D76: 21 ก.พ. 2528 | E76: 39 | F76: Maintenance Overhaul and Consultancy Technician - Electrical | G76: Maintenance Overhaul and Consultancy - Electrical | H76: Maintenance Repair Overhaul - STS | I76: 6.43 | J76: 63.7 | K76: 29.3 | L76: 5.1 | M76: 1.7 | N76: 5.01 | O76: 15.2 | P76: 47.6 | Q76: 95.0 | R76: 30.4 | S76: 31.9 | T76: 14.1 | U76: 155 | V76: ปกติ
A77: 70 | B77: 13250-48 | C77: นาย เจริญศักดิ์ เหลืองอุ่มพล | D77: 13 ก.ย. 2518 | E77: 48 | F77: Engineering Workshop - Mechanical Technician | G77: Maintenance Workshop Service | H77: Maintenance Workshop Service | I77: - | J77: - | K77: - | L77: - | M77: - | N77: - | O77: - | P77: - | Q77: - | R77: - | S77: - | T77: - | U77: - | V77: ไม่ได้รับการตรวจ
A78: 71 | B78: 24630-61 | C78: นาย เจษฎา รัตนานุกูล | D78: 30 พ.ค. 2536 | E78: 31 | F78: พนักงานผลิตซีเมนต์ | G78: ผลิตซีเมนต์ | H78: Operations | I78: 7.48 | J78: 58.0 | K78: 22.8 | L78: 5.4 | M78: 13.0 | N78: 5.42 | O78: 15.3 | P78: 47.6 | Q78: 87.9 | R78: 28.2 | S78: 32.1 | T78: 13.1 | U78: 442 | V78: ผิดปกติ
A79: 72 | B79: 19843-62 | C79: นาย ฉัตรชัย แขกเทพ | D79: 25 ส.ค. 2531 | E79: 35 | F79: พนักงานผลิตถุงกระดาษ | G79: ผลิตถุงกระดาษ | H79: Operations | I79: 6.12 | J79: 45.9 | K79: 34.8 | L79: 7.5 | M79: 11.3 | N79: 5.35 | O79: 12.5 | P79: 40.0 | Q79: 74.7 | R79: 23.4 | S79: 31.3 | T79: 14.7 | U79: 272 | V79: ผิดปกติ
A80: 73 | B80: 17349-46 | C80: นาย ฉัตรชัย ตันติพุฒิกุล | D80: 10 ก.ย. 2511 | E80: 55 | F80: Assistant Manager | G80: Supply Chain and Logistic Management | H80: Supply Chain and Logistic Management | I80: 5.64 | J80: 64.0 | K80: 30.0 | L80: 5.0 | M80: 1.0 | N80: 4.61 | O80: 14.7 | P80: 44.9 | Q80: 97.4 | R80: 32.0 | S80: 32.7 | T80: 11.8 | U80: 283 | V80: ปกติ
A81: 74 | B81: 23901-61 | C81: นาย ฉัตรชัย แผ้วพาล | D81: 18 ก.ค. 2532 | E81: 35 | F81: Mechanical Technician | G81: Plant Maintenance | H81: Maintenance Repair Overhaul - STS | I81: 8.95 | J81: 53.0 | K81: 32.5 | L81: 6.2 | M81: 7.7 | N81: 5.46 | O81: 9.5 | P81: 31.8 | Q81: 58.2 | R81: 17.4 | S81: 29.9 | T81: 22.1 | U81: 213 | V81: ผิดปกติ
A82: 75 | B82: 5029-66 | C82: นาย ฉัตริน ดิษฐวิทย์ | D82: 08 พ.ย. 2531 | E82: 35 | F82: #N/A | G82: #N/A | H82: #N/A | I82: 8.74 | J82: 66.4 | K82: 27.0 | L82: 4.2 | M82: 2.2 | N82: 5.35 | O82: 15.3 | P82: 47.1 | Q82: 88.0 | R82: 28.5 | S82: 32.5 | T82: 13.0 | U82: 303 | V82: ปกติ
A83: 76 | B83: 902-54 | C83: นาย เฉลิมชัย ตะหมัง | D83: 04 ธ.ค. 2531 | E83: 35 | F83: พนักงานซ่อมบำรุงจักรกลหนัก | G83: ซ่อมบำรุงจักรกลหนัก | H83: Quarry | I83: 9.86 | J83: 44.7 | K83: 46.4 | L83: 4.8 | M83: 3.8 | N83: 5.06 | O83: 14.5 | P83: 44.5 | Q83: 88.0 | R83: 28.6 | S83: 32.6 | T83: 13.7 | U83: 267 | V83: ปกติ
A84: 77 | B84: 6211-66 | C84: นาย เฉลิมชัย นาฉิม | D84: 03 ก.ย. 2534 | E84: 32 | F84: #N/A | G84: #N/A | H84: #N/A | I84: 7.02 | J84: 53.2 | K84: 38.1 | L84: 6.3 | M84: 2.0 | N84: 4.88 | O84: 15.2 | P84: 46.6 | Q84: 95.5 | R84: 31.2 | S84: 32.6 | T84: 12.1 | U84: 267 | V84: ปกติ
A85: 78 | B85: 9939-54 | C85: นาย เฉลิมชัย รงค์ฤทธิ์ไชย | D85: 05 ธ.ค. 2515 | E85: 51 | F85: ผู้ช่วยผู้จัดการตักและขนส่ง | G85: ผลิตหินก่อนย่อย | H85: Quarry | I85: 8.68 | J85: 55.2 | K85: 37.8 | L85: 5.1 | M85: 1.1 | N85: 5.44 | O85: 15.6 | P85: 48.1 | Q85: 88.4 | R85: 28.7 | S85: 32.4 | T85: 13.3 | U85: 357 | V85: ปกติ
A86: 79 | B86: 19838-62 | C86: นาย ชัชลัญ แสงจันทร์ | D86: 04 พ.ค. 2532 | E86: 35 | F86: Mechanical Technician | G86: Plant Maintenance | H86: Maintenance Repair Overhaul - STS | I86: 7.44 | J86: 49.9 | K86: 38.9 | L86: 6.5 | M86: 4.3 | N86: 5.66 | O86: 10.9 | P86: 35.5 | Q86: 62.8 | R86: 19.3 | S86: 30.7 | T86: 15.2 | U86: 272 | V86: ผิดปกติ
A87: 80 | B87: 18500-50 | C87: นาย ชัยภัทร ปิยะเกศกุล | D87: 11 ก.ค. 2519 | E87: 48 | F87: พนักงานซ่อมบำรุงจักรกลหนัก | G87: ซ่อมบำรุงจักรกลหนัก | H87: Quarry | I87: 7.73 | J87: 50.1 | K87: 41.6 | L87: 5.7 | M87: 2.3 | N87: 5.04 | O87: 15.4 | P87: 47.0 | Q87: 93.3 | R87: 30.5 | S87: 32.8 | T87: 12.1 | U87: 305 | V87: ปกติ
A88: 81 | B88: 6107-66 | C88: นาย ชัยยันต์ สอาดม่วง | D88: 21 ส.ค. 2516 | E88: 50 | F88: #N/A | G88: #N/A | H88: #N/A | I88: 6.41 | J88: 46.0 | K88: 40.3 | L88: 9.1 | M88: 3.9 | N88: 5.04 | O88: 15.0 | P88: 46.1 | Q88: 91.5 | R88: 29.7 | S88: 32.5 | T88: 13.0 | U88: 196 | V88: ปกติ
A89: 82 | B89: 11766-64 | C89: นาย ชัยยุทธ ไพฑูรย์ | D89: 30 เม.ย. 2511 | E89: 56 | F89: #N/A | G89: #N/A | H89: #N/A | I89: 5.25 | J89: 61.2 | K89: 28.6 | L89: 5.1 | M89: 4.6 | N89: 5.38 | O89: 15.7 | P89: 48.3 | Q89: 89.7 | R89: 29.2 | S89: 32.5 | T89: 13.5 | U89: 225 | V89: ปกติ
A90: 83 | B90: 22404-59 | C90: นาย ชาคร จิระแพทย์ | D90: 14 มิ.ย. 2535 | E90: 32 | F90: พนักงานควบคุมจักรกลหนัก | G90: ผลิตหินก่อนย่อย | H90: Quarry | I90: 5.63 | J90: 53.2 | K90: 38.5 | L90: 4.8 | M90: 3.0 | N90: 5.05 | O90: 15.1 | P90: 46.7 | Q90: 92.5 | R90: 29.9 | S90: 32.3 | T90: 12.5 | U90: 292 | V90: ปกติ
A91: 84 | B91: 7624-60 | C91: นาย ชาญณรงค์ เกิดขุมทอง | D91: 18 ม.ค. 2528 | E91: 39 | F91: #N/A | G91: #N/A | H91: #N/A | I91: - | J91: - | K91: - | L91: - | M91: - | N91: - | O91: - | P91: - | Q91: - | R91: - | S91: - | T91: - | U91: - | V91: ไม่ได้รับการตรวจ
A92: 85 | B92: 18387-52 | C92: นาย ชาญยุทธ แก้วใจจง | D92: 04 ต.ค. 2528 | E92: 38 | F92: พนักงานผลิตปูนเม็ด | G92: ผลิตปูนเม็ด TS4 | H92: Operations | I92: 5.25 | J92: 54.2 | K92: 36.7 | L92: 6.9 | M92: 1.5 | N92: 5.54 | O92: 16.1 | P92: 48.7 | Q92: 87.9 | R92: 29.0 | S92: 33.1 | T92: 13.1 | U92: 210 | V92: ปกติ
A93: 86 | B93: 19926-62 | C93: นาย ชาตรี ทองนาค | D93: 08 มิ.ย. 2515 | E93: 52 | F93: Technical and Maintenance Planning Manager | G93: Plant Maintenance | H93: Maintenance Repair Overhaul - STS | I93: 7.50 | J93: 71.0 | K93: 19.0 | L93: 7.0 | M93: 2.0 | N93: 5.40 | O93: 16.4 | P93: 51.0 | Q93: 94.4 | R93: 30.4 | S93: 32.2 | T93: 13.7 | U93: 201 | V93: ปกติ
A94: 87 | B94: 6990-67 | C94: นาย ชานน อติวีระกุล | D94: 28 เม.ย. 2536 | E94: 31 | F94: #N/A | G94: #N/A | H94: #N/A | I94: 4.99 | J94: 58.8 | K94: 32.2 | L94: 6.4 | M94: 2.1 | N94: 4.91 | O94: 15.5 | P94: 46.2 | Q94: 94.0 | R94: 31.6 | S94: 33.5 | T94: 13.0 | U94: 188 | V94: ปกติ
A95: 88 | B95: 20869-48 | C95: นาย ชำนาญ โชคไพศาล | D95: 11 ก.ย. 2523 | E95: 43 | F95: Electrical Technician | G95: Plant Maintenance | H95: Maintenance Repair Overhaul - STS | I95: 6.90 | J95: 55.8 | K95: 25.0 | L95: 3.6 | M95: 15.1 | N95: 5.25 | O95: 15.3 | P95: 46.9 | Q95: 89.3 | R95: 29.2 | S95: 32.6 | T95: 12.9 | U95: 167 | V95: ผิดปกติ
A96: 89 | B96: 14118-58 | C96: นาย เชาวรัตน์ บุญตั้ง | D96: 26 ก.ค. 2520 | E96: 46 | F96: พนักงานควบคุมจักรกลหนัก | G96: ผลิตหินก่อนย่อย | H96: Quarry | I96: 3.79 | J96: 46.9 | K96: 41.6 | L96: 9.8 | M96: 1.6 | N96: 4.29 | O96: 13.8 | P96: 42.3 | Q96: 98.6 | R96: 32.1 | S96: 32.6 | T96: 12.9 | U96: 158 | V96: ผิดปกติ
A97: 90 | B97: 4333-62 | C97: นาย โชคชัย ขบวนสาร | D97: 14 ม.ค. 2532 | E97: 35 | F97: #N/A | G97: #N/A | H97: #N/A | I97: 5.15 | J97: 62.0 | K97: 24.6 | L97: 10.1 | M97: 3.0 | N97: 5.53 | O97: 14.3 | P97: 45.7 | Q97: 82.6 | R97: 25.9 | S97: 31.3 | T97: 13.9 | U97: 233 | V97: ปกติ
A98: 91 | B98: 14180-60 | C98: นาย โชคชัย พิทักษ์บุตร | D98: 16 มี.ค. 2535 | E98: 32 | F98: พนักงาน Biomass - จัดหา | G98: Biomass | H98: Operations | I98: 5.84 | J98: 47.1 | K98: 40.4 | L98: 9.6 | M98: 2.6 | N98: 4.99 | O98: 14.7 | P98: 45.3 | Q98: 90.7 | R98: 29.5 | S98: 32.5 | T98: 12.8 | U98: 224 | V98: ปกติ
A99: 92 | B99: 16942-59 | C99: นาย ไชยยงค์ ชูชาติ | D99: 05 พ.ค. 2534 | E99: 33 | F99: พนักงานผลิตไฟฟ้า | G99: Waste Heat Generator STS | H99: Operations | I99: 8.88 | J99: 54.5 | K99: 35.7 | L99: 6.3 | M99: 3.2 | N99: 5.21 | O99: 15.0 | P99: 45.8 | Q99: 88.0 | R99: 28.7 | S99: 32.8 | T99: 13.6 | U99: 283 | V99: ปกติ
A100: 93 | B100: 24501-61 | C100: นาย ไชยวัฒน์ พุทธวงศ์ | D100: 06 ก.ค. 2535 | E100: 32 | F100: Electrical Technician | G100: Plant Maintenance | H100: Maintenance Repair Overhaul - STS | I100: 5.20 | J100: 57.4 | K100: 34.2 | L100: 4.8 | M100: 3.1 | N100: 4.87 | O100: 14.9 | P100: 44.8 | Q100: 92.0 | R100: 30.6 | S100: 33.3 | T100: 12.6 | U100: 262 | V100: ปกติ
A101: 94 | B101: 6609-49 | C101: นาย ญาณพงศ์ ตู้เซ่ง | D101: 04 ต.ค. 2528 | E101: 38 | F101: Measurement and Analysis Technician | G101: Measurement and Analysis | H101: Maintenance Repair Overhaul - STS | I101: 7.16 | J101: 44.5 | K101: 37.3 | L101: 6.1 | M101: 11.9 | N101: 5.27 | O101: 15.3 | P101: 46.8 | Q101: 88.8 | R101: 29.1 | S101: 32.7 | T101: 13.4 | U101: 252 | V101: ผิดปกติ
...

Sheet ปัสสาวะสมบูรณ์แบบUA
B1: ผลการตรวจปัสสาวะสมบูรณ์แบบ (Urine Examination)
B3: No | C3: HN | D3: ชื่อ - สกุล | E3: วัน/เดือน/ปีเกิด | F3: อายุ | G3: ตำแหน่งงาน | H3: หน่วยงาน | I3: ส่วน (สำหรับพนักงาน) | J3: Colour | K3: Appearance | L3: Sugar | M3: Ketone in Urine | N3: ALBUMIN | O3: pH | P3: Blood in Urine | Q3: Sp. Gravity | R3: RBC | S3: WBC | T3: Epithelial cells | U3: Other | V3: สรุปผลการตรวจ
